,tactic_id,impression_pixel_json,StatusCodes,Status
31,334091,"https://ad.doubleclick.net/ddm/trackimp/N4268.456584.XAXIS.COM/B9372109.127404254;dc_trk_aid=300537790;dc_trk_cid=68293971;ord=[timestamp];dc_lat=;dc_rdid=;tag_for_child_directed_treatment=?"" BORDER=""0"" HEIGHT=""1"" WIDTH=""1""",200,OK
232,339752,"https://ad.atdmt.com/i/img;p=11297200825450;idfa=;idfa_lat=;aaid=;aaid_lat=;cache=%n"",""https://ad.doubleclick.net/ddm/trackimp/N162602.273606INFECTIOUSMEDIA/B8976304.131533142;dc_trk_aid=304195788;dc_trk_cid=70508982;ord=[timestamp];dc_lat=;dc_rdid=;tag_for_child_directed_treatment=?"" BORDER=""0"" HEIGHT=""1"" WIDTH=""1"" ALT=""Advertisement"">",200,OK
235,328682,"https://ad.doubleclick.net/ddm/ad/N3867.275383.THEEXCHANGELAB/B9087641.123554903;kw=5_${CP_ID}_${CREATIVE_ID};sz=1x1;ord=[timestamp]?"" BORDER=0 WIDTH=1 HEIGHT=1 ALT="",""https://pixel.adsafeprotected.com/rfw/st/45972/6341443/skeleton.gif"" BORDER=0 WIDTH=1 HEIGHT=1 ALT=",200,OK
453,330285,"https://ad.doubleclick.net/ddm/ad/N4406.284566THETRADEDESK/B8502472.125259138;sz=1x1;ord=[timestamp]?"" BORDER=0 WIDTH=1 HEIGHT=1 ALT=""Advertisement""",200,OK
496,327631,"https://ad.doubleclick.net/ddm/ad/N4406.284566THETRADEDESK/B8432070.123020152;sz=1x1;ord=[timestamp]?"" BORDER=0 WIDTH=1 HEIGHT=1 ALT=""Advertisement""",200,OK
577,335262,"https://ad.doubleclick.net/ddm/ad/N950.131803TURNINC./B9331862.129118246;sz=1x1;ord=[timestamp];dc_lat=;dc_rdid=;tag_for_child_directed_treatment=?"" BORDER=0 WIDTH=1 HEIGHT=1 ALT=""Advertisement""",200,OK
608,336355,"https://ad.doubleclick.net/ddm/trackimp/N4268.456584.XAXIS.COM/B9372109.129697542;dc_trk_aid=302682783;dc_trk_cid=68293971;ord=[timestamp];dc_lat=;dc_rdid=;tag_for_child_directed_treatment=?"" BORDER=""0"" HEIGHT=""1"" WIDTH=""1""",200,OK
670,331400,"https://ad.doubleclick.net/ddm/trackimp/N152805.284566THETRADEDESK/B9219458.125949961;dc_trk_aid=298869223;dc_trk_cid=67263380;ord=[timestamp]?"" BORDER=""0"" HEIGHT=""1"" WIDTH=""1""",200,OK
682,324257,"https://ad.doubleclick.net/ddm/ad/N2434.access/B8837356.119757310;sz=1x1;ord=[timestamp]?"" BORDER=0 WIDTH=1 HEIGHT=1 ALT=""Advertisement",200,OK
760,330681,"https://ad.doubleclick.net/ddm/ad/N4406.1806123HUDDLEDMASSES.COM/B8441348.125513648;sz=1x1;ord=[RANDOM_NUMBER];dc_lat=;dc_rdid=;tag_for_child_directed_treatment=?"" BORDER=0 WIDTH=1 HEIGHT=1 ALT=""Advertisement",200,OK
768,325610,"https://pixel.adsafeprotected.com/?anId=8845&advId=$!{ADVERTISER_ID}&campId=$!{INSERTION_ORDER_ID}&pubId=$!{INVENTORY_SOURCE_ID}&chanId=$!{PACKAGE_ID}&placementId=$!{AD_ID}&adsafe_par&bidurl=$!{SITE_URL}"" height=""1"" width=""1"" alt=""""",200,OK
801,330681,"https://ad.doubleclick.net/ddm/ad/N4406.1806123HUDDLEDMASSES.COM/B8441348.125513648;sz=1x1;ord=[RANDOM_NUMBER];dc_lat=;dc_rdid=;tag_for_child_directed_treatment=?"" BORDER=0 WIDTH=1 HEIGHT=1 ALT=""Advertisement",200,OK
921,330634,"https://ad.doubleclick.net/ddm/trackimp/N7997.1264338TRIPLELIFTINC/B9135008.125509227;dc_trk_aid=297927768;dc_trk_cid=66187412;ord=[timestamp]?"" BORDER=""0"" HEIGHT=""1"" WIDTH=""1"" ALT=""Advertisement"">",200,OK
971,331372,"https://ad.doubleclick.net/ddm/trackimp/N152805.284566THETRADEDESK/B9219458.125949961;dc_trk_aid=298869223;dc_trk_cid=67263380;ord=[timestamp]?"" BORDER=""0"" HEIGHT=""1"" WIDTH=""1""",200,OK
1021,330681,"https://ad.doubleclick.net/ddm/ad/N4406.1806123HUDDLEDMASSES.COM/B8441348.125513648;sz=1x1;ord=[RANDOM_NUMBER];dc_lat=;dc_rdid=;tag_for_child_directed_treatment=?"" BORDER=0 WIDTH=1 HEIGHT=1 ALT=""Advertisement",200,OK
1040,324259,"https://ad.doubleclick.net/ddm/ad/N2434.access/B8837356.119757310;sz=1x1;ord=[timestamp]?"" BORDER=0 WIDTH=1 HEIGHT=1 ALT=""Advertisement",200,OK
1079,336355,"https://ad.doubleclick.net/ddm/trackimp/N4268.456584.XAXIS.COM/B9372109.129697542;dc_trk_aid=302682783;dc_trk_cid=68293971;ord=[timestamp];dc_lat=;dc_rdid=;tag_for_child_directed_treatment=?"" BORDER=""0"" HEIGHT=""1"" WIDTH=""1""",200,OK
1081,331401,"https://ad.doubleclick.net/ddm/trackimp/N152805.284566THETRADEDESK/B9219458.125950136;dc_trk_aid=298869223;dc_trk_cid=67263380;ord=[timestamp]?"" BORDER=""0"" HEIGHT=""1"" WIDTH=""1""",200,OK
1131,332098,"https://ad.doubleclick.net/ddm/ad/N7914.124997.GOOGLESEARCH/B9292770.126133215;sz=1x1;ord=[timestamp];dc_lat=;dc_rdid=;tag_for_child_directed_treatment=?"",""https://adfarm.mediaplex.com/ad/tr/28835-219507-51702-0?mpt=[CACHEBUSTER]&dcid=126133215&devid=INSERT_DEVICE ID_HERE",200,OK
1328,331541,"https://ad.doubleclick.net/ddm/trackimp/N152805.284566THETRADEDESK/B9219458.125950136;dc_trk_aid=298869223;dc_trk_cid=67263380;ord=[timestamp]?"" BORDER=""0"" HEIGHT=""1"" WIDTH=""1""",200,OK
1367,336354,"https://ad.doubleclick.net/ddm/trackimp/N4268.456584.XAXIS.COM/B9372109.127404254;dc_trk_aid=300537790;dc_trk_cid=68293971;ord=[timestamp];dc_lat=;dc_rdid=;tag_for_child_directed_treatment=?"" BORDER=""0"" HEIGHT=""1"" WIDTH=""1""",200,OK
1397,339506,"https://ad.doubleclick.net/ddm/trackimp/N5708.668587AODDISPLAY/B9304633.130295293;dc_trk_aid=304120981;dc_trk_cid=70455985;ord=[timestamp];dc_lat=;dc_rdid=;tag_for_child_directed_treatment=?"" BORDER=""0"" HEIGHT=""1"" WIDTH=""1"" ALT=""Advertisement"">",200,OK
1440,334093,"https://ad.doubleclick.net/ddm/trackimp/N4268.456584.XAXIS.COM/B9372109.127404254;dc_trk_aid=300537790;dc_trk_cid=68293971;ord=[timestamp];dc_lat=;dc_rdid=;tag_for_child_directed_treatment=?"" BORDER=""0"" HEIGHT=""1"" WIDTH=""1""",200,OK
1445,335803,"http://nypi.dc-storm.com/dcv4/logi.aspx?tsid=1018087&sid=111814&acid=103799&crf=12292&agrf=122923385939&adrf=4561876&rnd=[cachebuster]"" height=""1"" width=""1"""",""http://amp.mediaforge.com/link/things4906/6dbbda1e-e0ca-11e5-8a4b-819160c5fac0",200,OK
1528,336354,"https://ad.doubleclick.net/ddm/trackimp/N4268.456584.XAXIS.COM/B9372109.127404254;dc_trk_aid=300537790;dc_trk_cid=68293971;ord=[timestamp];dc_lat=;dc_rdid=;tag_for_child_directed_treatment=?"" BORDER=""0"" HEIGHT=""1"" WIDTH=""1""",200,OK
1595,332737,"https://ad.doubleclick.net/ddm/trackimp/N5192.284566.THETRADEDESK/B9291703.127306305;dc_trk_aid=300327509;dc_trk_cid=68168978;ord=[timestamp];dc_lat=;dc_rdid=;tag_for_child_directed_treatment=?"" BORDER=""0"" HEIGHT=""1"" WIDTH=""1"" ALT=""Advertisement""",200,OK
1598,315143,"https://cdn.doubleverify.com/dvtp_src.js?ctx=919838&cmp=8620413&sid=1201527&plc=116527158&num=&adid=&advid=900209&adsrv=1&region=30&btreg=&btadsrv=&crt=&crtname=&chnl=&unit=&pid=&uid=&tagtype=&dvtagver=6.1.src"" type=""text/javascript"""",""https://ad.doubleclick.net/ddm/adj/N7310.468584.AMNETGROUPINC./B8620413.116527158;sz=1x1",200,OK
1655,339756,"https://ad.doubleclick.net/ddm/trackimp/N162602.273606INFECTIOUSMEDIA/B8976304.131537601;dc_trk_aid=304198481;dc_trk_cid=70508982;ord=[timestamp];dc_lat=;dc_rdid=;tag_for_child_directed_treatment=?"" BORDER=""0"" HEIGHT=""1"" WIDTH=""1"" ALT=""Advertisement"">"",""https://ad.atdmt.com/i/img;p=11297200825452;idfa=;idfa_lat=;aaid=;aaid_lat=;cache=%n",200,OK
1662,330681,"https://ad.doubleclick.net/ddm/ad/N4406.1806123HUDDLEDMASSES.COM/B8441348.125513648;sz=1x1;ord=[RANDOM_NUMBER];dc_lat=;dc_rdid=;tag_for_child_directed_treatment=?"" BORDER=0 WIDTH=1 HEIGHT=1 ALT=""Advertisement",200,OK
1757,334636,https://bs.serving-sys.com/BurstingPipe/adServer.bs?  cn=tf&c=19&mc=imp&pli=16511112&PluID=0&ord=${CACHEBUSTER}&rtu=-1,200,OK
1967,327605,"https://ad.doubleclick.net/ddm/ad/N4406.284566THETRADEDESK/B8432070.123020147;sz=1x1;ord=[timestamp]?"" BORDER=0 WIDTH=1 HEIGHT=1 ALT=""Advertisement""",200,OK
2017,335056,"https://ad.doubleclick.net/ddm/ad/N6873.286450AMNET0/B9272494.129122386;sz=1x1;ord=[timestamp];dc_lat=;dc_rdid=;tag_for_child_directed_treatment=?"" BORDER=0 WIDTH=1 HEIGHT=1 ALT=""Advertisement""",200,OK
2054,334091,"https://ad.doubleclick.net/ddm/trackimp/N4268.456584.XAXIS.COM/B9372109.127404254;dc_trk_aid=300537790;dc_trk_cid=68293971;ord=[timestamp];dc_lat=;dc_rdid=;tag_for_child_directed_treatment=?"" BORDER=""0"" HEIGHT=""1"" WIDTH=""1""",200,OK
2119,327609,"https://ad.doubleclick.net/ddm/ad/N4406.284566THETRADEDESK/B8432070.123018687;sz=1x1;ord=[timestamp]?"" BORDER=0 WIDTH=1 HEIGHT=1 ALT=""Advertisement""",200,OK
2144,331538,"https://ad.doubleclick.net/ddm/trackimp/N152805.284566THETRADEDESK/B9219458.125950136;dc_trk_aid=298869223;dc_trk_cid=67263380;ord=[timestamp]?"" BORDER=""0"" HEIGHT=""1"" WIDTH=""1""",200,OK
2160,336357,"https://ad.doubleclick.net/ddm/trackimp/N4268.456584.XAXIS.COM/B9372109.129697542;dc_trk_aid=302682783;dc_trk_cid=68293971;ord=[timestamp];dc_lat=;dc_rdid=;tag_for_child_directed_treatment=?"" BORDER=""0"" HEIGHT=""1"" WIDTH=""1""",200,OK
2208,325612,"https://pixel.adsafeprotected.com/?anId=8845&advId=$!{ADVERTISER_ID}&campId=$!{INSERTION_ORDER_ID}&pubId=$!{INVENTORY_SOURCE_ID}&chanId=$!{PACKAGE_ID}&placementId=$!{AD_ID}&adsafe_par&bidurl=$!{SITE_URL}"" height=""1"" width=""1"" alt=""""",200,OK
2258,331536,"https://ad.doubleclick.net/ddm/trackimp/N152805.284566THETRADEDESK/B9219458.125950136;dc_trk_aid=298869223;dc_trk_cid=67263380;ord=[timestamp]?"" BORDER=""0"" HEIGHT=""1"" WIDTH=""1""",200,OK
2297,330284,"https://ad.doubleclick.net/ddm/ad/N4406.284566THETRADEDESK/B8502472.125243846;sz=1x1;ord=[timestamp]?"" BORDER=0 WIDTH=1 HEIGHT=1 ALT=""Advertisement""",200,OK
2381,314188,"http://magnetic.domdex.com/ahtm?mp=12&n=2719&c=102676&b=108111&sz=300x250&s=${REFERER_URL_ENC}&id=${AUCTION_ID}&a=${PRICE_PAID}"",""http://ad.doubleclick.net/ad/N5664.291800.MAGNETIC.COM/B8192115.115753111;sz=1x1;ord=${CACHEBUSTER}u201d BORDER=0 WIDTH=1 HEIGHT=1 ALT=""Advertisement",302,OK
2475,335262,"https://ad.doubleclick.net/ddm/ad/N950.131803TURNINC./B9331862.129118248;sz=1x1;ord=[timestamp];dc_lat=;dc_rdid=;tag_for_child_directed_treatment=?"" BORDER=0 WIDTH=1 HEIGHT=1 ALT=""Advertisement""",200,OK
2538,336354,"https://ad.doubleclick.net/ddm/trackimp/N4268.456584.XAXIS.COM/B9372109.127404254;dc_trk_aid=300537790;dc_trk_cid=68293971;ord=[timestamp];dc_lat=;dc_rdid=;tag_for_child_directed_treatment=?"" BORDER=""0"" HEIGHT=""1"" WIDTH=""1""",200,OK
2563,331364,"https://ad.doubleclick.net/ddm/trackimp/N152805.284566THETRADEDESK/B9219458.125949961;dc_trk_aid=298869223;dc_trk_cid=67263380;ord=[timestamp]?"" BORDER=""0"" HEIGHT=""1"" WIDTH=""1""",200,OK
2580,331364,"https://ad.doubleclick.net/ddm/trackimp/N152805.284566THETRADEDESK/B9219458.125949961;dc_trk_aid=298869223;dc_trk_cid=67263380;ord=[timestamp]?"" BORDER=""0"" HEIGHT=""1"" WIDTH=""1""",200,OK
2649,331535,"https://ad.doubleclick.net/ddm/trackimp/N152805.284566THETRADEDESK/B9219458.125950136;dc_trk_aid=298869223;dc_trk_cid=67263380;ord=[timestamp]?"" BORDER=""0"" HEIGHT=""1"" WIDTH=""1""",200,OK
2738,336357,"https://ad.doubleclick.net/ddm/trackimp/N4268.456584.XAXIS.COM/B9372109.129697542;dc_trk_aid=302682783;dc_trk_cid=68293971;ord=[timestamp];dc_lat=;dc_rdid=;tag_for_child_directed_treatment=?"" BORDER=""0"" HEIGHT=""1"" WIDTH=""1""",200,OK
2820,334638,https://bs.serving-sys.com/BurstingPipe/adServer.bs?  cn=tf&c=19&mc=imp&pli=16052735&PluID=0&ord=${CACHEBUSTER}&rtu=-1,200,OK
2869,329877,"https://ad.doubleclick.net/ddm/trackimp/N5192.1264338TRIPLELIFTINC/B9018616.125041431;dc_trk_aid=297930935;dc_trk_cid=66688346;ord=[timestamp]?"" BORDER=""0"" HEIGHT=""1"" WIDTH=""1"" ALT=""Advertisement""",200,OK
2915,334092,"https://ad.doubleclick.net/ddm/trackimp/N4268.456584.XAXIS.COM/B9372109.127404254;dc_trk_aid=300537790;dc_trk_cid=68293971;ord=[timestamp];dc_lat=;dc_rdid=;tag_for_child_directed_treatment=?"" BORDER=""0"" HEIGHT=""1"" WIDTH=""1""",200,OK
3010,332420,"https://ad.atdmt.com/i/img;p=11087206036727;a=11087205969802;idfa=;idfa_lat=;aaid=;aaid_lat=;cache=   <SCRIPT language='JavaScript1.1' SRC=""http://pixel.adsafeprotected.com/rjss/st/49505/7124439/skeleton.js""></SCRIPT> <NOSCRIPT><IMG SRC=""http://pixel.adsafeprotected.com/rfw/st/49505/7124438/skeleton.gif"" BORDER=0 WIDTH=1 HEIGHT=1 ALT=""""></NOSCRIPT>",200,OK
3060,332098,"https://ad.doubleclick.net/ddm/ad/N7914.124997.GOOGLESEARCH/B9292770.126133215;sz=1x1;ord=[timestamp];dc_lat=;dc_rdid=;tag_for_child_directed_treatment=?"",""https://adfarm.mediaplex.com/ad/tr/28835-219507-51702-0?mpt=[CACHEBUSTER]&dcid=126133215&devid=INSERT_DEVICE ID_HERE",200,OK
3088,334093,"https://ad.doubleclick.net/ddm/trackimp/N4268.456584.XAXIS.COM/B9372109.127404254;dc_trk_aid=300537790;dc_trk_cid=68293971;ord=[timestamp];dc_lat=;dc_rdid=;tag_for_child_directed_treatment=?"" BORDER=""0"" HEIGHT=""1"" WIDTH=""1""",200,OK
3144,314590,http://ad.doubleclick.net/ad/N6543.468584.AMNETGROUPINC./B8562416.115649780;sz=1x1;ord=[RANDOM NUMBER]?,200,OK
3218,339506,"https://ad.doubleclick.net/ddm/trackimp/N5708.668587AODDISPLAY/B9304633.130295293;dc_trk_aid=304120981;dc_trk_cid=70459830;ord=[timestamp];dc_lat=;dc_rdid=;tag_for_child_directed_treatment=?"" BORDER=""0"" HEIGHT=""1"" WIDTH=""1"" ALT=""Advertisement"">",200,OK
3307,328720,"https://ad.doubleclick.net/ddm/trackimp/N7997.1264338TRIPLELIFTINC/B9135008.124065074;dc_trk_aid=297027037;dc_trk_cid=66187412;ord=[timestamp]?"" BORDER=""0"" HEIGHT=""1"" WIDTH=""1""",200,OK
3321,331533,"https://ad.doubleclick.net/ddm/trackimp/N152805.284566THETRADEDESK/B9219458.125950136;dc_trk_aid=298869223;dc_trk_cid=67263380;ord=[timestamp]?"" BORDER=""0"" HEIGHT=""1"" WIDTH=""1""",200,OK
3362,331534,"https://ad.doubleclick.net/ddm/trackimp/N152805.284566THETRADEDESK/B9219458.125950136;dc_trk_aid=298869223;dc_trk_cid=67263380;ord=[timestamp]?"" BORDER=""0"" HEIGHT=""1"" WIDTH=""1""",200,OK
3380,339753,"https://ad.atdmt.com/i/img;p=11297200825451;idfa=;idfa_lat=;aaid=;aaid_lat=;cache=%n"",""https://ad.doubleclick.net/ddm/trackimp/N162602.273606INFECTIOUSMEDIA/B8976304.131535554;dc_trk_aid=304198265;dc_trk_cid=70508982;ord=[timestamp];dc_lat=;dc_rdid=;tag_for_child_directed_treatment=?"" BORDER=""0"" HEIGHT=""1"" WIDTH=""1"" ALT=""Advertisement"">",200,OK
3382,331539,"https://ad.doubleclick.net/ddm/trackimp/N152805.284566THETRADEDESK/B9219458.125950136;dc_trk_aid=298869223;dc_trk_cid=67263380;ord=[timestamp]?"" BORDER=""0"" HEIGHT=""1"" WIDTH=""1""",200,OK
3393,331537,"https://ad.doubleclick.net/ddm/trackimp/N152805.284566THETRADEDESK/B9219458.125950136;dc_trk_aid=298869223;dc_trk_cid=67263380;ord=[timestamp]?"" BORDER=""0"" HEIGHT=""1"" WIDTH=""1""",200,OK
3409,338432,"https://ad.doubleclick.net/ddm/ad/N950.131803TURNINC./B9331862.130887024;sz=1x1;ord=[timestamp];dc_lat=;dc_rdid=;tag_for_child_directed_treatment=?"" BORDER=0 WIDTH=1 HEIGHT=1 ALT=""Advertisement""",200,OK
3446,334091,"https://ad.doubleclick.net/ddm/trackimp/N4268.456584.XAXIS.COM/B9372109.127404254;dc_trk_aid=300537790;dc_trk_cid=68293971;ord=[timestamp];dc_lat=;dc_rdid=;tag_for_child_directed_treatment=?"" BORDER=""0"" HEIGHT=""1"" WIDTH=""1""",200,OK
3574,329880,"https://ad.doubleclick.net/ddm/trackimp/N5192.1264338TRIPLELIFTINC/B9018616.125041431;dc_trk_aid=297932918;dc_trk_cid=66688347;ord=[timestamp]?"" BORDER=""0"" HEIGHT=""1"" WIDTH=""1"" ALT=""Advertisement""",200,OK
3651,331534,"https://ad.doubleclick.net/ddm/trackimp/N152805.284566THETRADEDESK/B9219458.125950136;dc_trk_aid=298869223;dc_trk_cid=67263380;ord=[timestamp]?"" BORDER=""0"" HEIGHT=""1"" WIDTH=""1""",200,OK
3697,339506,"https://ad.doubleclick.net/ddm/trackimp/N5708.668587AODDISPLAY/B9304633.130295293;dc_trk_aid=304120981;dc_trk_cid=70454588;ord=[timestamp];dc_lat=;dc_rdid=;tag_for_child_directed_treatment=?"" BORDER=""0"" HEIGHT=""1"" WIDTH=""1"" ALT=""Advertisement"">",200,OK
3725,330283,"https://ad.doubleclick.net/ddm/ad/N4406.284566THETRADEDESK/B8502472.125243186;sz=1x1;ord=[timestamp]?"" BORDER=0 WIDTH=1 HEIGHT=1 ALT=""Advertisement""",200,OK
3729,339506,"https://ad.doubleclick.net/ddm/trackimp/N5708.668587AODDISPLAY/B9304633.130295293;dc_trk_aid=304120981;dc_trk_cid=70459829;ord=[timestamp];dc_lat=;dc_rdid=;tag_for_child_directed_treatment=?"" BORDER=""0"" HEIGHT=""1"" WIDTH=""1"" ALT=""Advertisement"">",200,OK
3782,325611,"https://pixel.adsafeprotected.com/?anId=8845&advId=$!{ADVERTISER_ID}&campId=$!{INSERTION_ORDER_ID}&pubId=$!{INVENTORY_SOURCE_ID}&chanId=$!{PACKAGE_ID}&placementId=$!{AD_ID}&adsafe_par&bidurl=$!{SITE_URL}"" height=""1"" width=""1"" alt=""""",200,OK
3872,330278,"https://ad.doubleclick.net/ddm/ad/N4406.284566THETRADEDESK/B8502472.124754228;sz=1x1;ord=[timestamp]?"" BORDER=0 WIDTH=1 HEIGHT=1 ALT=""Advertisement""",200,OK
3954,327620,"https://ad.doubleclick.net/ddm/ad/N4406.284566THETRADEDESK/B8432070.123018690;sz=1x1;ord=[timestamp]?"" BORDER=0 WIDTH=1 HEIGHT=1 ALT=""Advertisement""",200,OK
3959,314900,https://ad.doubleclick.net/ddm/adj/  N6959.133090MEDIAMATH/B8529410.116722835;sz=1x1;ord=[timestamp]?,200,OK
4002,328683,"https://ad.doubleclick.net/ddm/ad/N3867.275383.THEEXCHANGELAB/B9087641.123192597;kw=5_${CP_ID}_${CREATIVE_ID};sz=1x1;ord=[timestamp]?"" BORDER=0 WIDTH=1 HEIGHT=1 ALT="",""https://pixel.adsafeprotected.com/rfw/st/45972/6341425/skeleton.gif"" BORDER=0 WIDTH=1 HEIGHT=1 ALT=",200,OK
4012,329525,"https://ad.doubleclick.net/ddm/ad/N4406.284566THETRADEDESK/B8502472.124755315;sz=1x1;ord=[timestamp]?"" BORDER=0 WIDTH=1 HEIGHT=1 ALT=""Advertisement""",200,OK
4019,331400,"https://ad.doubleclick.net/ddm/trackimp/N152805.284566THETRADEDESK/B9219458.125949961;dc_trk_aid=298869223;dc_trk_cid=67263380;ord=[timestamp]?"" BORDER=""0"" HEIGHT=""1"" WIDTH=""1""",200,OK
4061,331534,"https://ad.doubleclick.net/ddm/trackimp/N152805.284566THETRADEDESK/B9219458.125950136;dc_trk_aid=298869223;dc_trk_cid=67263380;ord=[timestamp]?"" BORDER=""0"" HEIGHT=""1"" WIDTH=""1""",200,OK
4130,324255,"https://ad.doubleclick.net/ddm/ad/N2434.access/B8837356.119757310;sz=1x1;ord=[timestamp]?"" BORDER=0 WIDTH=1 HEIGHT=1 ALT=""Advertisement",200,OK
4145,339140,https://bs.serving-sys.com/BurstingPipe/adServer.bs?cn=tf&c=19&mc=imp&pli=17019451&PluID=0&ord={ts}&rtu=-  1&pcp=$${domain}$$,302,OK
4174,337472,https://api.choicestream.com/instr/crunch/apnxs/imp?au=${AUCTION_ID}  &amp;cr=${CREATIVE_ID}&amp;li=${CPG_ID}&amp;cp=${CP_ID}&amp;uid=${USER_I  D}&amp;ecp=${ECP}&amp;rp=${RESERVE_PRICE}&amp;bid1=${BID_PRICE}&amp;pr=  ${PRICE_PAID}&amp;invs=${INV_SOURCE_ID}&amp;pi=${TAG_ID}&amp;vid=${  VENUE_ID}&amp;sid=${SELLER_MEMBER_ID}&amp;ip=${USER_IP}&amp;pc=${  POSTAL_CODE}&amp;dc=${DATACENTER}&amp;city=${USER_CITY}&amp;st=${  USER_STATE}&amp;ref=${REFERER_URL_ENC}&amp;r=${CACHEBUSTER},302,OK
4182,330681,"https://ad.doubleclick.net/ddm/ad/N4406.1806123HUDDLEDMASSES.COM/B8441348.125513648;sz=1x1;ord=[RANDOM_NUMBER];dc_lat=;dc_rdid=;tag_for_child_directed_treatment=?"" BORDER=0 WIDTH=1 HEIGHT=1 ALT=""Advertisement",200,OK
4226,314188,"http://magnetic.domdex.com/ahtm?mp=12&n=2719&c=102676&b=108111&sz=300x250&s=${REFERER_URL_ENC}&id=${AUCTION_ID}&a=${PRICE_PAID}"",""http://ad.doubleclick.net/ad/N5664.291800.MAGNETIC.COM/B8192115.115753111;sz=1x1;ord=${CACHEBUSTER}u201d BORDER=0 WIDTH=1 HEIGHT=1 ALT=""Advertisement",302,OK
4294,331543,"https://ad.doubleclick.net/ddm/trackimp/N152805.284566THETRADEDESK/B9219458.125950136;dc_trk_aid=298869223;dc_trk_cid=67263380;ord=[timestamp]?"" BORDER=""0"" HEIGHT=""1"" WIDTH=""1""",200,OK
4305,334092,"https://ad.doubleclick.net/ddm/trackimp/N4268.456584.XAXIS.COM/B9372109.127404254;dc_trk_aid=300537790;dc_trk_cid=68293971;ord=[timestamp];dc_lat=;dc_rdid=;tag_for_child_directed_treatment=?"" BORDER=""0"" HEIGHT=""1"" WIDTH=""1""",200,OK
4355,331533,"https://ad.doubleclick.net/ddm/trackimp/N152805.284566THETRADEDESK/B9219458.125950136;dc_trk_aid=298869223;dc_trk_cid=67263380;ord=[timestamp]?"" BORDER=""0"" HEIGHT=""1"" WIDTH=""1""",200,OK
4470,336355,"https://ad.doubleclick.net/ddm/trackimp/N4268.456584.XAXIS.COM/B9372109.129697542;dc_trk_aid=302682783;dc_trk_cid=68293971;ord=[timestamp];dc_lat=;dc_rdid=;tag_for_child_directed_treatment=?"" BORDER=""0"" HEIGHT=""1"" WIDTH=""1""",200,OK
4527,336354,"https://ad.doubleclick.net/ddm/trackimp/N4268.456584.XAXIS.COM/B9372109.127404254;dc_trk_aid=300537790;dc_trk_cid=68293971;ord=[timestamp];dc_lat=;dc_rdid=;tag_for_child_directed_treatment=?"" BORDER=""0"" HEIGHT=""1"" WIDTH=""1""",200,OK
4721,331541,"https://ad.doubleclick.net/ddm/trackimp/N152805.284566THETRADEDESK/B9219458.125950136;dc_trk_aid=298869223;dc_trk_cid=67263380;ord=[timestamp]?"" BORDER=""0"" HEIGHT=""1"" WIDTH=""1""",200,OK
4815,324268,"https://ad.doubleclick.net/ddm/ad/N2434.access/B8837356.119755996;sz=1x1;ord=[timestamp]?"" BORDER=0 WIDTH=1 HEIGHT=1 ALT=""Advertisement",200,OK
5006,320699,"https://media.curiositystream.com/image?spacedesc=23026465_23026451_1x1_23026464_23026465&random=&ML_NIF=N"" WIDTH=1   HEIGHT=1 ALT=""Click Here",302,OK
5014,331366,"https://ad.doubleclick.net/ddm/trackimp/N152805.284566THETRADEDESK/B9219458.125949961;dc_trk_aid=298869223;dc_trk_cid=67263380;ord=[timestamp]?"" BORDER=""0"" HEIGHT=""1"" WIDTH=""1""",200,OK
5025,334092,"https://ad.doubleclick.net/ddm/trackimp/N4268.456584.XAXIS.COM/B9372109.127404254;dc_trk_aid=300537790;dc_trk_cid=68293971;ord=[timestamp];dc_lat=;dc_rdid=;tag_for_child_directed_treatment=?"" BORDER=""0"" HEIGHT=""1"" WIDTH=""1""",200,OK
5031,331371,"https://ad.doubleclick.net/ddm/trackimp/N152805.284566THETRADEDESK/B9219458.125949961;dc_trk_aid=298869223;dc_trk_cid=67263380;ord=[timestamp]?"" BORDER=""0"" HEIGHT=""1"" WIDTH=""1""",200,OK
5056,324268,"https://ad.doubleclick.net/ddm/ad/N2434.access/B8837356.119755996;sz=1x1;ord=[timestamp]?"" BORDER=0 WIDTH=1 HEIGHT=1 ALT=""Advertisement",200,OK
5059,331364,"https://ad.doubleclick.net/ddm/trackimp/N152805.284566THETRADEDESK/B9219458.125949961;dc_trk_aid=298869223;dc_trk_cid=67263380;ord=[timestamp]?"" BORDER=""0"" HEIGHT=""1"" WIDTH=""1""",200,OK
5077,339761,"https://ad.atdmt.com/i/img;p=11297200825453;idfa=;idfa_lat=;aaid=;aaid_lat=;cache=%n"",""https://ad.doubleclick.net/ddm/trackimp/N162602.273606INFECTIOUSMEDIA/B8976304.131535107;dc_trk_aid=304200057;dc_trk_cid=70508982;ord=[timestamp];dc_lat=;dc_rdid=;tag_for_child_directed_treatment=?"" BORDER=""0"" HEIGHT=""1"" WIDTH=""1"" ALT=""Advertisement"">",200,OK
5095,331400,"https://ad.doubleclick.net/ddm/trackimp/N152805.284566THETRADEDESK/B9219458.125949961;dc_trk_aid=298869223;dc_trk_cid=67263380;ord=[timestamp]?"" BORDER=""0"" HEIGHT=""1"" WIDTH=""1""",200,OK
5098,331369,"https://ad.doubleclick.net/ddm/trackimp/N152805.284566THETRADEDESK/B9219458.125949961;dc_trk_aid=298869223;dc_trk_cid=67263380;ord=[timestamp]?"" BORDER=""0"" HEIGHT=""1"" WIDTH=""1""",200,OK
5129,325614,"https://pixel.adsafeprotected.com/?anId=8845&advId=$!{ADVERTISER_ID}&campId=$!{INSERTION_ORDER_ID}&pubId=$!{INVENTORY_SOURCE_ID}&chanId=$!{PACKAGE_ID}&placementId=$!{AD_ID}&adsafe_par&bidurl=$!{SITE_URL}"" height=""1"" width=""1"" alt=""""",200,OK
5218,331365,"https://ad.doubleclick.net/ddm/trackimp/N152805.284566THETRADEDESK/B9219458.125949961;dc_trk_aid=298869223;dc_trk_cid=67263380;ord=[timestamp]?"" BORDER=""0"" HEIGHT=""1"" WIDTH=""1""",200,OK
5249,331540,"https://ad.doubleclick.net/ddm/trackimp/N152805.284566THETRADEDESK/B9219458.125950136;dc_trk_aid=298869223;dc_trk_cid=67263380;ord=[timestamp]?"" BORDER=""0"" HEIGHT=""1"" WIDTH=""1""",200,OK
5256,330634,"https://ad.doubleclick.net/ddm/trackimp/N7997.1264338TRIPLELIFTINC/B9135008.125509225;dc_trk_aid=297927768;dc_trk_cid=66187412;ord=[timestamp]?"" BORDER=""0"" HEIGHT=""1"" WIDTH=""1"" ALT=""Advertisement"">",200,OK
5384,330282,"https://ad.doubleclick.net/ddm/ad/N4406.284566THETRADEDESK/B8502472.125242454;sz=1x1;ord=[timestamp]?"" BORDER=0 WIDTH=1 HEIGHT=1 ALT=""Advertisement""",200,OK
5432,334091,"https://ad.doubleclick.net/ddm/trackimp/N4268.456584.XAXIS.COM/B9372109.127404254;dc_trk_aid=300537790;dc_trk_cid=68293971;ord=[timestamp];dc_lat=;dc_rdid=;tag_for_child_directed_treatment=?"" BORDER=""0"" HEIGHT=""1"" WIDTH=""1""",200,OK
5753,331371,"https://ad.doubleclick.net/ddm/trackimp/N152805.284566THETRADEDESK/B9219458.125949961;dc_trk_aid=298869223;dc_trk_cid=67263380;ord=[timestamp]?"" BORDER=""0"" HEIGHT=""1"" WIDTH=""1""",200,OK
5774,329784,"http://ohlone.vizu.com/a.gif?vzcid=30604&vzadid=native&vzsid=accuen&ord=[RANDOM]"" style=""display:none",failed to connect,Failed
5866,330681,"https://ad.doubleclick.net/ddm/ad/N4406.1806123HUDDLEDMASSES.COM/B8441348.125513648;sz=1x1;ord=[RANDOM_NUMBER];dc_lat=;dc_rdid=;tag_for_child_directed_treatment=?"" BORDER=0 WIDTH=1 HEIGHT=1 ALT=""Advertisement",200,OK
5872,324866,"https://ad.doubleclick.net/ddm/ad/N4478.668587.AODDISPLAY/B8838481.119808084;sz=1x1;ord=[timestamp]?"",""https://ohlone.vizu.com/a.gif?vzcid=25820&vzadid=exposed&vzsid=vivaki&ord=[RANDOM]"" style=""display:none",302,OK
5915,331367,"https://ad.doubleclick.net/ddm/trackimp/N152805.284566THETRADEDESK/B9219458.125949961;dc_trk_aid=298869223;dc_trk_cid=67263380;ord=[timestamp]?"" BORDER=""0"" HEIGHT=""1"" WIDTH=""1""",200,OK
5965,338432,"https://ad.doubleclick.net/ddm/ad/N950.131803TURNINC./B9331862.130887023;sz=1x1;ord=[timestamp];dc_lat=;dc_rdid=;tag_for_child_directed_treatment=?"" BORDER=0 WIDTH=1 HEIGHT=1 ALT=""Advertisement""",200,OK
5989,338432,"https://ad.doubleclick.net/ddm/ad/N950.131803TURNINC./B9331862.130885579;sz=1x1;ord=[timestamp];dc_lat=;dc_rdid=;tag_for_child_directed_treatment=?"" BORDER=0 WIDTH=1 HEIGHT=1 ALT=""Advertisement""",200,OK
6132,324268,"https://ad.doubleclick.net/ddm/ad/N2434.access/B8837356.119755996;sz=1x1;ord=[timestamp]?"" BORDER=0 WIDTH=1 HEIGHT=1 ALT=""Advertisement",200,OK
6249,331538,"https://ad.doubleclick.net/ddm/trackimp/N152805.284566THETRADEDESK/B9219458.125950136;dc_trk_aid=298869223;dc_trk_cid=67263380;ord=[timestamp]?"" BORDER=""0"" HEIGHT=""1"" WIDTH=""1""",200,OK
6337,331398,"https://ad.doubleclick.net/ddm/trackimp/N152805.284566THETRADEDESK/B9219458.125949961;dc_trk_aid=298869223;dc_trk_cid=67263380;ord=[timestamp]?"" BORDER=""0"" HEIGHT=""1"" WIDTH=""1""",200,OK
6385,331371,"https://ad.doubleclick.net/ddm/trackimp/N152805.284566THETRADEDESK/B9219458.125949961;dc_trk_aid=298869223;dc_trk_cid=67263380;ord=[timestamp]?"" BORDER=""0"" HEIGHT=""1"" WIDTH=""1""",200,OK
6514,331987,"https://ad.doubleclick.net/ddm/ad/N4406.284566THETRADEDESK/B8502472.126695828;sz=1x1;ord=[timestamp];dc_lat=;dc_rdid=;tag_for_child_directed_treatment=?"" BORDER=0 WIDTH=1 HEIGHT=1 ALT=""Advertisement""",200,OK
6567,334637,https://bs.serving-sys.com/BurstingPipe/adServer.bs?  cn=tf&c=19&mc=imp&pli=16052735&PluID=0&ord=${CACHEBUSTER}&rtu=-1,200,OK
6687,338432,"https://ad.doubleclick.net/ddm/ad/N950.131803TURNINC./B9331862.130885580;sz=1x1;ord=[timestamp];dc_lat=;dc_rdid=;tag_for_child_directed_treatment=?"" BORDER=0 WIDTH=1 HEIGHT=1 ALT=""Advertisement""",200,OK
6698,331366,"https://ad.doubleclick.net/ddm/trackimp/N152805.284566THETRADEDESK/B9219458.125949961;dc_trk_aid=298869223;dc_trk_cid=67263380;ord=[timestamp]?"" BORDER=""0"" HEIGHT=""1"" WIDTH=""1""",200,OK
6929,331365,"https://ad.doubleclick.net/ddm/trackimp/N152805.284566THETRADEDESK/B9219458.125949961;dc_trk_aid=298869223;dc_trk_cid=67263380;ord=[timestamp]?"" BORDER=""0"" HEIGHT=""1"" WIDTH=""1""",200,OK
6946,331366,"https://ad.doubleclick.net/ddm/trackimp/N152805.284566THETRADEDESK/B9219458.125949961;dc_trk_aid=298869223;dc_trk_cid=67263380;ord=[timestamp]?"" BORDER=""0"" HEIGHT=""1"" WIDTH=""1""",200,OK
6973,339750,"https://ad.atdmt.com/i/img;p=11297200825455;idfa=;idfa_lat=;aaid=;aaid_lat=;cache=%n"",""https://ad.doubleclick.net/ddm/trackimp/N162602.273606INFECTIOUSMEDIA/B8976304.131530187;dc_trk_aid=304197151;dc_trk_cid=70508982;ord=[timestamp];dc_lat=;dc_rdid=;tag_for_child_directed_treatment=?"" BORDER=""0"" HEIGHT=""1"" WIDTH=""1"" ALT=""Advertisement"">",200,OK
6977,331535,"https://ad.doubleclick.net/ddm/trackimp/N152805.284566THETRADEDESK/B9219458.125950136;dc_trk_aid=298869223;dc_trk_cid=67263380;ord=[timestamp]?"" BORDER=""0"" HEIGHT=""1"" WIDTH=""1""",200,OK
7084,331986,"https://ad.doubleclick.net/ddm/ad/N4406.284566THETRADEDESK/B8502472.126691880;sz=1x1;ord=[timestamp];dc_lat=;dc_rdid=;tag_for_child_directed_treatment=?"" BORDER=0 WIDTH=1 HEIGHT=1 ALT=""Advertisement""",200,OK
7128,315185,"http://ad.doubleclick.net/ddm/ad/N149404.284566THETRADEDESK/B8659700.117181172;sz=1x1;ord=[timestamp]?"" BORDER=0 WIDTH=1 HEIGHT=1 ALT=""Advertisement""></A>",200,OK
7165,339506,"https://ad.doubleclick.net/ddm/trackimp/N5708.668587AODDISPLAY/B9304633.130295293;dc_trk_aid=304120981;dc_trk_cid=70459828;ord=[timestamp];dc_lat=;dc_rdid=;tag_for_child_directed_treatment=?"" BORDER=""0"" HEIGHT=""1"" WIDTH=""1"" ALT=""Advertisement"">",200,OK
7322,315514,"https://ad.doubleclick.net/ddm/ad/N884.1211338.AFFIPERF.NET6/B8575733.117922692;sz=1x1;ord=[timestamp]?"" BORDER=0 WIDTH=1 HEIGHT=1 ALT=""Advertisement",200,OK
7421,329876,"https://ad.doubleclick.net/ddm/trackimp/N5192.1264338TRIPLELIFTINC/B9018616.125041431;dc_trk_aid=297936204;dc_trk_cid=66690815;ord=[timestamp]?"" BORDER=""0"" HEIGHT=""1"" WIDTH=""1"" ALT=""Advertisement""",200,OK
7555,330681,"https://ad.doubleclick.net/ddm/ad/N4406.1806123HUDDLEDMASSES.COM/B8441348.125513648;sz=1x1;ord=[RANDOM_NUMBER];dc_lat=;dc_rdid=;tag_for_child_directed_treatment=?"" BORDER=0 WIDTH=1 HEIGHT=1 ALT=""Advertisement",200,OK
7640,338432,"https://ad.doubleclick.net/ddm/ad/N950.131803TURNINC./B9331862.130885576;sz=1x1;ord=[timestamp];dc_lat=;dc_rdid=;tag_for_child_directed_treatment=?"" BORDER=0 WIDTH=1 HEIGHT=1 ALT=""Advertisement""",200,OK
7707,322903,"https://media.curiositystream.com/image?spacedesc=23460024_23026451_1x1_23460023_23460024&random=&ML_NIF=N"" WIDTH=1 HEIGHT=1 ALT=""Click Here",302,OK
7799,336354,"https://ad.doubleclick.net/ddm/trackimp/N4268.456584.XAXIS.COM/B9372109.127404254;dc_trk_aid=300537790;dc_trk_cid=68293971;ord=[timestamp];dc_lat=;dc_rdid=;tag_for_child_directed_treatment=?"" BORDER=""0"" HEIGHT=""1"" WIDTH=""1""",200,OK
7817,336355,"https://ad.doubleclick.net/ddm/trackimp/N4268.456584.XAXIS.COM/B9372109.129697542;dc_trk_aid=302682783;dc_trk_cid=68293971;ord=[timestamp];dc_lat=;dc_rdid=;tag_for_child_directed_treatment=?"" BORDER=""0"" HEIGHT=""1"" WIDTH=""1""",200,OK
7836,331543,"https://ad.doubleclick.net/ddm/trackimp/N152805.284566THETRADEDESK/B9219458.125950136;dc_trk_aid=298869223;dc_trk_cid=67263380;ord=[timestamp]?"" BORDER=""0"" HEIGHT=""1"" WIDTH=""1""",200,OK
7838,336357,"https://ad.doubleclick.net/ddm/trackimp/N4268.456584.XAXIS.COM/B9372109.129697542;dc_trk_aid=302682783;dc_trk_cid=68293971;ord=[timestamp];dc_lat=;dc_rdid=;tag_for_child_directed_treatment=?"" BORDER=""0"" HEIGHT=""1"" WIDTH=""1""",200,OK
7943,331534,"https://ad.doubleclick.net/ddm/trackimp/N152805.284566THETRADEDESK/B9219458.125950136;dc_trk_aid=298869223;dc_trk_cid=67263380;ord=[timestamp]?"" BORDER=""0"" HEIGHT=""1"" WIDTH=""1""",200,OK
7961,336354,"https://ad.doubleclick.net/ddm/trackimp/N4268.456584.XAXIS.COM/B9372109.127404254;dc_trk_aid=300537790;dc_trk_cid=68293971;ord=[timestamp];dc_lat=;dc_rdid=;tag_for_child_directed_treatment=?"" BORDER=""0"" HEIGHT=""1"" WIDTH=""1""",200,OK
7970,335804,"http://amp.mediaforge.com/link/things4906/b9a3f8ee-e0ca-11e5-85e4-4d873247130a"",""http://nypi.dc-storm.com/dcv4/logi.aspx?tsid=1018087&sid=111814&acid=103799&crf=12292&agrf=122923385939&adrf=4561876&rnd=[cachebuster]"" height=""1"" width=""1""",404,Failed
7973,325929,"https://api.choicestream.com/instr/crunch/apnxs/imp?au=${AUCTION_ID}&cr=${CREATIVE_ID}&li=${CPG_ID}&cp=${CP_ID}&uid=${USER_ID}&ecp=${ECP}&rp=${RESERVE_PRICE}&bid1=${BID_PRICE}&pr=${PRICE_PAID}&invs=${INV_SOURCE_ID}&pi=${TAG_ID}&vid=${VENUE_ID}&sid=${SELLER_MEMBER_ID}&ip=${USER_IP}&pc=${POSTAL_CODE}&dc=${DATACENTER}&city=${USER_CITY}&st=${USER_STATE}&ref=${REFERER_URL_ENC}&r=${CACHEBUSTER}"",""https://ad.doubleclick.net/ddm/trackimp/N6103.617337CHOICESTREAM.COM/B8878381.121215814;dc_trk_aid=294163068;dc_trk_cid=64617758;ord= ${CACHEBUSTER}?",302,OK
7994,331541,"https://ad.doubleclick.net/ddm/trackimp/N152805.284566THETRADEDESK/B9219458.125950136;dc_trk_aid=298869223;dc_trk_cid=67263380;ord=[timestamp]?"" BORDER=""0"" HEIGHT=""1"" WIDTH=""1""",200,OK
8056,336354,"https://ad.doubleclick.net/ddm/trackimp/N4268.456584.XAXIS.COM/B9372109.127404254;dc_trk_aid=300537790;dc_trk_cid=68293971;ord=[timestamp];dc_lat=;dc_rdid=;tag_for_child_directed_treatment=?"" BORDER=""0"" HEIGHT=""1"" WIDTH=""1""",200,OK
8250,339849,http://img=sr yadaydadaaaa,failed to connect,Failed
8389,332456,"https://ad.atdmt.com/i/img;p=11087206036727;a=11087205969800;idfa=;idfa_lat=;aaid=;aaid_lat=;cache=   <SCRIPT language='JavaScript1.1' SRC=""http://pixel.adsafeprotected.com/rjss/st/49505/7124441/skeleton.js""></SCRIPT> <NOSCRIPT><IMG SRC=""http://pixel.adsafeprotected.com/rfw/st/49505/7124440/skeleton.gif"" BORDER=0 WIDTH=1 HEIGHT=1 ALT=""""></NOSCRIPT>",200,OK
8409,324262,"https://ad.doubleclick.net/ddm/ad/N2434.access/B8837356.119757310;sz=1x1;ord=[timestamp]?"" BORDER=0 WIDTH=1 HEIGHT=1 ALT=""Advertisement",200,OK
8423,331539,"https://ad.doubleclick.net/ddm/trackimp/N152805.284566THETRADEDESK/B9219458.125950136;dc_trk_aid=298869223;dc_trk_cid=67263380;ord=[timestamp]?"" BORDER=""0"" HEIGHT=""1"" WIDTH=""1""",200,OK
8428,331399,"https://ad.doubleclick.net/ddm/trackimp/N152805.284566THETRADEDESK/B9219458.125949961;dc_trk_aid=298869223;dc_trk_cid=67263380;ord=[timestamp]?"" BORDER=""0"" HEIGHT=""1"" WIDTH=""1""",200,OK
8429,328685,"https://ad.doubleclick.net/ddm/ad/N3867.275383.THEEXCHANGELAB/B9087641.123549515;kw=5_${CP_ID}_${CREATIVE_ID};sz=1x1;ord=[timestamp]?"" BORDER=0 WIDTH=1 HEIGHT=1 ALT="",""https://pixel.adsafeprotected.com/rfw/st/45972/6341431/skeleton.gif"" BORDER=0 WIDTH=1 HEIGHT=1 ALT=",200,OK
8470,335262,"https://ad.doubleclick.net/ddm/ad/N950.131803TURNINC./B9331862.129116750;sz=1x1;ord=[timestamp];dc_lat=;dc_rdid=;tag_for_child_directed_treatment=?"" BORDER=0 WIDTH=1 HEIGHT=1 ALT=""Advertisement""",200,OK
8601,334092,"https://ad.doubleclick.net/ddm/trackimp/N4268.456584.XAXIS.COM/B9372109.127404254;dc_trk_aid=300537790;dc_trk_cid=68293971;ord=[timestamp];dc_lat=;dc_rdid=;tag_for_child_directed_treatment=?"" BORDER=""0"" HEIGHT=""1"" WIDTH=""1""",200,OK
8619,314188,"http://magnetic.domdex.com/ahtm?mp=12&n=2719&c=102676&b=108111&sz=300x250&s=${REFERER_URL_ENC}&id=${AUCTION_ID}&a=${PRICE_PAID}"",""http://ad.doubleclick.net/ad/N5664.291800.MAGNETIC.COM/B8192115.115753111;sz=1x1;ord=${CACHEBUSTER}u201d BORDER=0 WIDTH=1 HEIGHT=1 ALT=""Advertisement",302,OK
8840,325612,"https://pixel.adsafeprotected.com/?anId=8845&advId=$!{ADVERTISER_ID}&campId=$!{INSERTION_ORDER_ID}&pubId=$!{INVENTORY_SOURCE_ID}&chanId=$!{PACKAGE_ID}&placementId=$!{AD_ID}&adsafe_par&bidurl=$!{SITE_URL}"" height=""1"" width=""1"" alt=""""",200,OK
8888,327616,"https://ad.doubleclick.net/ddm/ad/N4406.284566THETRADEDESK/B8432070.123020412;sz=1x1;ord=[timestamp]?"" BORDER=0 WIDTH=1 HEIGHT=1 ALT=""Advertisement""",200,OK
8909,334093,"https://ad.doubleclick.net/ddm/trackimp/N4268.456584.XAXIS.COM/B9372109.127404254;dc_trk_aid=300537790;dc_trk_cid=68293971;ord=[timestamp];dc_lat=;dc_rdid=;tag_for_child_directed_treatment=?"" BORDER=""0"" HEIGHT=""1"" WIDTH=""1""",200,OK
8952,330276,"https://ad.doubleclick.net/ddm/ad/N4406.284566THETRADEDESK/B8502472.125258644;sz=1x1;ord=[timestamp]?"" BORDER=0 WIDTH=1 HEIGHT=1 ALT=""Advertisement""",200,OK
9000,331540,"https://ad.doubleclick.net/ddm/trackimp/N152805.284566THETRADEDESK/B9219458.125950136;dc_trk_aid=298869223;dc_trk_cid=67263380;ord=[timestamp]?"" BORDER=""0"" HEIGHT=""1"" WIDTH=""1""",200,OK
9066,319908,"https://media.curiositystream.com/image?spacedesc=23026453_23026451_1x1_23026452_23026453&random=&ML_NIF=N"" WIDTH=1 HEIGHT=1 ALT=""Click Here",302,OK
9113,327630,"https://ad.doubleclick.net/ddm/ad/N4406.284566THETRADEDESK/B8432070.123031268;sz=1x1;ord=[timestamp]?"" BORDER=0 WIDTH=1 HEIGHT=1 ALT=""Advertisement""",200,OK
9266,335797,"http://nypi.dc-storm.com/dcv4/logi.aspx?tsid=1018087&sid=111814&acid=103799&crf=12292&agrf=122923385939&adrf=4561876&rnd=[cachebuster]"" height=""1"" width=""1"""",""http://amp.mediaforge.com/link/things4906/06dd6556-e0ca-11e5-85ef-1d4e2b873621",200,OK
9267,324264,"https://ad.doubleclick.net/ddm/ad/N2434.access/B8837356.120160255;sz=1x1;ord=[timestamp]?"" BORDER=0 WIDTH=1 HEIGHT=1 ALT=""Advertisement",200,OK
9356,325612,"https://pixel.adsafeprotected.com/?anId=8845&advId=$!{ADVERTISER_ID}&campId=$!{INSERTION_ORDER_ID}&pubId=$!{INVENTORY_SOURCE_ID}&chanId=$!{PACKAGE_ID}&placementId=$!{AD_ID}&adsafe_par&bidurl=$!{SITE_URL}"" height=""1"" width=""1"" alt=""""",200,OK
9387,331366,"https://ad.doubleclick.net/ddm/trackimp/N152805.284566THETRADEDESK/B9219458.125949961;dc_trk_aid=298869223;dc_trk_cid=67263380;ord=[timestamp]?"" BORDER=""0"" HEIGHT=""1"" WIDTH=""1""",200,OK
9403,334093,"https://ad.doubleclick.net/ddm/trackimp/N4268.456584.XAXIS.COM/B9372109.127404254;dc_trk_aid=300537790;dc_trk_cid=68293971;ord=[timestamp];dc_lat=;dc_rdid=;tag_for_child_directed_treatment=?"" BORDER=""0"" HEIGHT=""1"" WIDTH=""1""",200,OK
9615,314590,http://ad.doubleclick.net/ad/N6543.468584.AMNETGROUPINC./B8562416.115649780;sz=1x1;ord=[RANDOM NUMBER]?,200,OK
9687,335262,"https://ad.doubleclick.net/ddm/ad/N950.131803TURNINC./B9331862.129116749;sz=1x1;ord=[timestamp];dc_lat=;dc_rdid=;tag_for_child_directed_treatment=?"" BORDER=0 WIDTH=1 HEIGHT=1 ALT=""Advertisement""",200,OK
9700,330681,"https://ad.doubleclick.net/ddm/ad/N4406.1806123HUDDLEDMASSES.COM/B8441348.125513648;sz=1x1;ord=[RANDOM_NUMBER];dc_lat=;dc_rdid=;tag_for_child_directed_treatment=?"" BORDER=0 WIDTH=1 HEIGHT=1 ALT=""Advertisement",200,OK
9703,334092,"https://ad.doubleclick.net/ddm/trackimp/N4268.456584.XAXIS.COM/B9372109.127404254;dc_trk_aid=300537790;dc_trk_cid=68293971;ord=[timestamp];dc_lat=;dc_rdid=;tag_for_child_directed_treatment=?"" BORDER=""0"" HEIGHT=""1"" WIDTH=""1""",200,OK
9726,327619,"https://ad.doubleclick.net/ddm/ad/N4406.284566THETRADEDESK/B8432070.123020150;sz=1x1;ord=[timestamp]?"" BORDER=0 WIDTH=1 HEIGHT=1 ALT=""Advertisement""",200,OK
9860,331365,"https://ad.doubleclick.net/ddm/trackimp/N152805.284566THETRADEDESK/B9219458.125949961;dc_trk_aid=298869223;dc_trk_cid=67263380;ord=[timestamp]?"" BORDER=""0"" HEIGHT=""1"" WIDTH=""1""",200,OK
9955,336354,"https://ad.doubleclick.net/ddm/trackimp/N4268.456584.XAXIS.COM/B9372109.127404254;dc_trk_aid=300537790;dc_trk_cid=68293971;ord=[timestamp];dc_lat=;dc_rdid=;tag_for_child_directed_treatment=?"" BORDER=""0"" HEIGHT=""1"" WIDTH=""1""",200,OK
9967,324260,"https://ad.doubleclick.net/ddm/ad/N2434.access/B8837356.120160256;sz=1x1;ord=[timestamp]?"" BORDER=0 WIDTH=1 HEIGHT=1 ALT=""Advertisement",200,OK
10036,328686,"https://ad.doubleclick.net/ddm/ad/N3867.275383.THEEXCHANGELAB/B9087641.123554882;kw=5_${CP_ID}_${CREATIVE_ID};sz=1x1;ord=[timestamp]?"" BORDER=0 WIDTH=1 HEIGHT=1 ALT="",""https://pixel.adsafeprotected.com/rfw/st/45972/6341441/skeleton.gif"" BORDER=0 WIDTH=1 HEIGHT=1 ALT=",200,OK
10113,335058,"https://ad.doubleclick.net/ddm/ad/N6873.286450AMNET0/B9272494.129125954;sz=1x1;ord=[timestamp];dc_lat=;dc_rdid=;tag_for_child_directed_treatment=?"" BORDER=0 WIDTH=1 HEIGHT=1 ALT=""Advertisement""",200,OK
10114,331536,"https://ad.doubleclick.net/ddm/trackimp/N152805.284566THETRADEDESK/B9219458.125950136;dc_trk_aid=298869223;dc_trk_cid=67263380;ord=[timestamp]?"" BORDER=""0"" HEIGHT=""1"" WIDTH=""1""",200,OK
10120,331370,"https://ad.doubleclick.net/ddm/trackimp/N152805.284566THETRADEDESK/B9219458.125949961;dc_trk_aid=298869223;dc_trk_cid=67263380;ord=[timestamp]?"" BORDER=""0"" HEIGHT=""1"" WIDTH=""1""",200,OK
10163,332015,"https://ad.doubleclick.net/ddm/trackimp/N46002.150834TURN0/B9297193.126369154;dc_trk_aid=299469978;dc_trk_cid=67744953;ord=[timestamp];dc_lat=;dc_rdid=;tag_for_child_directed_treatment=?"" BORDER=""0"" HEIGHT=""1"" WIDTH=""1"" ALT=""Advertisement"">",200,OK
10192,332737,"https://ad.doubleclick.net/ddm/trackimp/N5192.284566.THETRADEDESK/B9291703.127304790;dc_trk_aid=300328022;dc_trk_cid=68168793;ord=[timestamp];dc_lat=;dc_rdid=;tag_for_child_directed_treatment=?"" BORDER=""0"" HEIGHT=""1"" WIDTH=""1"" ALT=""Advertisement""",200,OK
10485,335262,"https://ad.doubleclick.net/ddm/ad/N950.131803TURNINC./B9331862.129115185;sz=1x1;ord=[timestamp];dc_lat=;dc_rdid=;tag_for_child_directed_treatment=?"" BORDER=0 WIDTH=1 HEIGHT=1 ALT=""Advertisement""",200,OK
10515,336355,"https://ad.doubleclick.net/ddm/trackimp/N4268.456584.XAXIS.COM/B9372109.129697542;dc_trk_aid=302682783;dc_trk_cid=68293971;ord=[timestamp];dc_lat=;dc_rdid=;tag_for_child_directed_treatment=?"" BORDER=""0"" HEIGHT=""1"" WIDTH=""1""",200,OK
10570,334093,"https://ad.doubleclick.net/ddm/trackimp/N4268.456584.XAXIS.COM/B9372109.127404254;dc_trk_aid=300537790;dc_trk_cid=68293971;ord=[timestamp];dc_lat=;dc_rdid=;tag_for_child_directed_treatment=?"" BORDER=""0"" HEIGHT=""1"" WIDTH=""1""",200,OK
10669,335740,"http://amp.mediaforge.com/link/things4906/c6da0f40-e0c9-11e5-944d-3a0cce674ee7"",""http://nypi.dc-storm.com/dcv4/logi.aspx?tsid=1018087&sid=111814&acid=103799&crf=12292&agrf=122923385939&adrf=4561876&rnd=[cachebuster]"" height=""1"" width=""1""",404,Failed
10773,331538,"https://ad.doubleclick.net/ddm/trackimp/N152805.284566THETRADEDESK/B9219458.125950136;dc_trk_aid=298869223;dc_trk_cid=67263380;ord=[timestamp]?"" BORDER=""0"" HEIGHT=""1"" WIDTH=""1""",200,OK
10795,331369,"https://ad.doubleclick.net/ddm/trackimp/N152805.284566THETRADEDESK/B9219458.125949961;dc_trk_aid=298869223;dc_trk_cid=67263380;ord=[timestamp]?"" BORDER=""0"" HEIGHT=""1"" WIDTH=""1""",200,OK
10895,315183,"http://ad.doubleclick.net/ddm/ad/N149404.284566THETRADEDESK/B8659700.117180974;sz=1x1;ord=[timestamp]?"" BORDER=0 WIDTH=1 HEIGHT=1 ALT=""Advertisement""></A>",200,OK
11013,314188,"http://magnetic.domdex.com/ahtm?mp=12&n=2719&c=102676&b=108111&sz=300x250&s=${REFERER_URL_ENC}&id=${AUCTION_ID}&a=${PRICE_PAID}"",""http://ad.doubleclick.net/ad/N5664.291800.MAGNETIC.COM/B8192115.115753111;sz=1x1;ord=${CACHEBUSTER}u201d BORDER=0 WIDTH=1 HEIGHT=1 ALT=""Advertisement",302,OK
11018,331369,"https://ad.doubleclick.net/ddm/trackimp/N152805.284566THETRADEDESK/B9219458.125949961;dc_trk_aid=298869223;dc_trk_cid=67263380;ord=[timestamp]?"" BORDER=""0"" HEIGHT=""1"" WIDTH=""1""",200,OK
11026,315190,"http://ad.doubleclick.net/ddm/ad/N149404.284566THETRADEDESK/B8659700.117181546;sz=1x1;ord=[timestamp]?"" BORDER=0 WIDTH=1 HEIGHT=1 ALT=""Advertisement""></A>",200,OK
11085,315180,"http://ad.doubleclick.net/ddm/ad/N149404.284566THETRADEDESK/B8659700.117068334;sz=1x1;ord=[timestamp]?"" BORDER=0 WIDTH=1 HEIGHT=1 ALT=""Advertisement""></A>",200,OK
11217,334643,https://bs.serving-sys.com/BurstingPipe/adServer.bs?  cn=tf&c=19&mc=imp&pli=16511190&PluID=0&ord=${CACHEBUSTER}&rtu=-1,200,OK
11228,324260,"https://ad.doubleclick.net/ddm/ad/N2434.access/B8837356.120160256;sz=1x1;ord=[timestamp]?"" BORDER=0 WIDTH=1 HEIGHT=1 ALT=""Advertisement",200,OK
11354,331983,"https://ad.doubleclick.net/ddm/ad/N4406.284566THETRADEDESK/B8502472.126699401;sz=1x1;ord=[timestamp];dc_lat=;dc_rdid=;tag_for_child_directed_treatment=?"" BORDER=0 WIDTH=1 HEIGHT=1 ALT=""Advertisement""",200,OK
11417,331988,"https://ad.doubleclick.net/ddm/ad/N4406.284566THETRADEDESK/B8502472.126695832;sz=1x1;ord=[timestamp];dc_lat=;dc_rdid=;tag_for_child_directed_treatment=?"" BORDER=0 WIDTH=1 HEIGHT=1 ALT=""Advertisement""",200,OK
11438,314590,http://ad.doubleclick.net/ad/N6543.468584.AMNETGROUPINC./B8562416.115649780;sz=1x1;ord=[RANDOM NUMBER]?,200,OK
11513,324263,"https://ad.doubleclick.net/ddm/ad/N2434.access/B8837356.120159988;sz=1x1;ord=[timestamp]?"" BORDER=0 WIDTH=1 HEIGHT=1 ALT=""Advertisement",200,OK
11532,331533,"https://ad.doubleclick.net/ddm/trackimp/N152805.284566THETRADEDESK/B9219458.125950136;dc_trk_aid=298869223;dc_trk_cid=67263380;ord=[timestamp]?"" BORDER=""0"" HEIGHT=""1"" WIDTH=""1""",200,OK
11545,337738,"http://servedby.flashtalking.com/imp/3/60926;1780423;201;pixel;Choicestream;1x1NativeBrandingAutoPayBTA2554GeotargetedJacksonvilleDMA/?cachebuster=${CACHEBUSTER}"",""https://api.choicestream.com/instr/crunch/apnxs/imp?au=${AUCTION_ID}  &amp;cr=${CREATIVE_ID}&amp;li=${CPG_ID}&amp;cp=${CP_ID}&amp;uid=${USER_I  D}&amp;ecp=${ECP}&amp;rp=${RESERVE_PRICE}&amp;bid1=${BID_PRICE}&amp;pr=  ${PRICE_PAID}&amp;invs=${INV_SOURCE_ID}&amp;pi=${TAG_ID}&amp;vid=${  VENUE_ID}&amp;sid=${SELLER_MEMBER_ID}&amp;ip=${USER_IP}&amp;pc=${  POSTAL_CODE}&amp;dc=${DATACENTER}&amp;city=${USER_CITY}&amp;st=${  USER_STATE}&amp;ref=${REFERER_URL_ENC}&amp;r=${CACHEBUSTER}",404,Failed
11691,335766,"http://amp.mediaforge.com/link/things4906/ea15521c-e0c9-11e5-800a-4545ebc2b003"",""http://nypi.dc-storm.com/dcv4/logi.aspx?tsid=1018087&sid=111814&acid=103799&crf=12292&agrf=122923385939&adrf=4561876&rnd=[cachebuster]"" height=""1"" width=""1"" /",404,Failed
11707,332098,"https://ad.doubleclick.net/ddm/ad/N7914.124997.GOOGLESEARCH/B9292770.126133215;sz=1x1;ord=[timestamp];dc_lat=;dc_rdid=;tag_for_child_directed_treatment=?"",""https://adfarm.mediaplex.com/ad/tr/28835-219507-51702-0?mpt=[CACHEBUSTER]&dcid=126133215&devid=INSERT_DEVICE ID_HERE",200,OK
11766,328718,"https://ad.doubleclick.net/ddm/trackimp/N7997.1264338TRIPLELIFTINC/B9135008.124065708;dc_trk_aid=297027231;dc_trk_cid=66187412;ord=[timestamp]?"" BORDER=""0"" HEIGHT=""1"" WIDTH=""1""",200,OK
11888,334654,https://bs.serving-sys.com/BurstingPipe/adServer.bs?  cn=tf&c=19&mc=imp&pli=16511195&PluID=0&ord=${CACHEBUSTER}&rtu=-1,200,OK
11920,331368,"https://ad.doubleclick.net/ddm/trackimp/N152805.284566THETRADEDESK/B9219458.125949961;dc_trk_aid=298869223;dc_trk_cid=67263380;ord=[timestamp]?"" BORDER=""0"" HEIGHT=""1"" WIDTH=""1""",200,OK
12049,327613,"https://ad.doubleclick.net/ddm/ad/N4406.284566THETRADEDESK/B8432070.123020504;sz=1x1;ord=[timestamp]?"" BORDER=0 WIDTH=1 HEIGHT=1 ALT=""Advertisement""",200,OK
12075,334640,https://bs.serving-sys.com/BurstingPipe/adServer.bs?  cn=tf&c=19&mc=imp&pli=16511199&PluID=0&ord=${CACHEBUSTER}&rtu=-1,200,OK
12087,339758,"https://ad.atdmt.com/i/img;p=11297200825446;idfa=;idfa_lat=;aaid=;aaid_lat=;cache=%n"",""https://ad.doubleclick.net/ddm/trackimp/N162602.273606INFECTIOUSMEDIA/B8976304.131532083;dc_trk_aid=304195074;dc_trk_cid=70508982;ord=[timestamp];dc_lat=;dc_rdid=;tag_for_child_directed_treatment=?"" BORDER=""0"" HEIGHT=""1"" WIDTH=""1"" ALT=""Advertisement"">",200,OK
12092,331399,"https://ad.doubleclick.net/ddm/trackimp/N152805.284566THETRADEDESK/B9219458.125949961;dc_trk_aid=298869223;dc_trk_cid=67263380;ord=[timestamp]?"" BORDER=""0"" HEIGHT=""1"" WIDTH=""1""",200,OK
12120,332098,"https://ad.doubleclick.net/ddm/ad/N7914.124997.GOOGLESEARCH/B9292770.126133215;sz=1x1;ord=[timestamp];dc_lat=;dc_rdid=;tag_for_child_directed_treatment=?"",""https://adfarm.mediaplex.com/ad/tr/28835-219507-51702-0?mpt=[CACHEBUSTER]&dcid=126133215&devid=INSERT_DEVICE ID_HERE",200,OK
12185,334645,https://bs.serving-sys.com/BurstingPipe/adServer.bs?  cn=tf&c=19&mc=imp&pli=16511144&PluID=0&ord=${CACHEBUSTER}&rtu=-1,200,OK
12266,315142,"https://ad.doubleclick.net/ddm/adj/N7310.468584.AMNETGROUPINC./B8620413.116527158;sz=1x1"",""https://ad.doubleclick.net/ddm/jump/N7310.468584.AMNETGROUPINC./B8620413.116527158;sz=1x1"",""https://ad.doubleclick.net/ddm/ad/N7310.468584.AMNETGROUPINC./B8620413.116527158;sz=1x1"",""https://tps30.doubleverify.com/visit.jpg?ctx=919838&cmp=8620413&sid=1201527&plc=116527158&num=&adid=&advid=900209&adsrv=1&region=30&btreg=&btadsrv=&crt=&crtname=&chnl=&unit=&pid=&uid=&tagtype=&dvtagver=6.1.img&"" alt="""" width=""0"" height=""0""",200,OK
12295,320698,"https://media.curiositystream.com/image?spacedesc=23026461_23026451_1x1_23026460_23026461&random=&ML_NIF=N"" WIDTH=1   HEIGHT=1 ALT=""Click Here",302,OK
12299,329784,"http://ohlone.vizu.com/a.gif?vzcid=30604&vzadid=native&vzsid=accuen&ord=[RANDOM]"" style=""display:none",failed to connect,Failed
12333,335055,"https://ad.doubleclick.net/ddm/ad/N6873.286450AMNET0/B9272494.129121507;sz=1x1;ord=[timestamp];dc_lat=;dc_rdid=;tag_for_child_directed_treatment=?"" BORDER=0 WIDTH=1 HEIGHT=1 ALT=""Advertisement""",200,OK
12339,331370,"https://ad.doubleclick.net/ddm/trackimp/N152805.284566THETRADEDESK/B9219458.125949961;dc_trk_aid=298869223;dc_trk_cid=67263380;ord=[timestamp]?"" BORDER=""0"" HEIGHT=""1"" WIDTH=""1""",200,OK
12342,331989,"https://ad.doubleclick.net/ddm/ad/N4406.284566THETRADEDESK/B8502472.126695822;sz=1x1;ord=[timestamp];dc_lat=;dc_rdid=;tag_for_child_directed_treatment=?"" BORDER=0 WIDTH=1 HEIGHT=1 ALT=""Advertisement""",200,OK
12399,325610,"https://pixel.adsafeprotected.com/?anId=8845&advId=$!{ADVERTISER_ID}&campId=$!{INSERTION_ORDER_ID}&pubId=$!{INVENTORY_SOURCE_ID}&chanId=$!{PACKAGE_ID}&placementId=$!{AD_ID}&adsafe_par&bidurl=$!{SITE_URL}"" height=""1"" width=""1"" alt=""""",200,OK
12493,315188,"http://ad.doubleclick.net/ddm/ad/N149404.284566THETRADEDESK/B8659700.117181543;sz=1x1;ord=[timestamp]?"" BORDER=0 WIDTH=1 HEIGHT=1 ALT=""Advertisement""></A>",200,OK
12494,331399,"https://ad.doubleclick.net/ddm/trackimp/N152805.284566THETRADEDESK/B9219458.125949961;dc_trk_aid=298869223;dc_trk_cid=67263380;ord=[timestamp]?"" BORDER=""0"" HEIGHT=""1"" WIDTH=""1""",200,OK
12581,315187,"http://ad.doubleclick.net/ddm/ad/N149404.284566THETRADEDESK/B8659700.117181352;sz=1x1;ord=[timestamp]?"" BORDER=0 WIDTH=1 HEIGHT=1 ALT=""Advertisement""></A>",200,OK
12613,334093,"https://ad.doubleclick.net/ddm/trackimp/N4268.456584.XAXIS.COM/B9372109.127404254;dc_trk_aid=300537790;dc_trk_cid=68293971;ord=[timestamp];dc_lat=;dc_rdid=;tag_for_child_directed_treatment=?"" BORDER=""0"" HEIGHT=""1"" WIDTH=""1""",200,OK
12707,331532,"https://ad.doubleclick.net/ddm/trackimp/N152805.284566THETRADEDESK/B9219458.125950136;dc_trk_aid=298869223;dc_trk_cid=67263380;ord=[timestamp]?"" BORDER=""0"" HEIGHT=""1"" WIDTH=""1""",200,OK
12777,324866,"https://ad.doubleclick.net/ddm/ad/N4478.668587.AODDISPLAY/B8838481.119808084;sz=1x1;ord=[timestamp]?"",""https://ohlone.vizu.com/a.gif?vzcid=25820&vzadid=exposed&vzsid=vivaki&ord=[RANDOM]"" style=""display:none",302,OK
12804,331367,"https://ad.doubleclick.net/ddm/trackimp/N152805.284566THETRADEDESK/B9219458.125949961;dc_trk_aid=298869223;dc_trk_cid=67263380;ord=[timestamp]?"" BORDER=""0"" HEIGHT=""1"" WIDTH=""1""",200,OK
12850,334093,"https://ad.doubleclick.net/ddm/trackimp/N4268.456584.XAXIS.COM/B9372109.127404254;dc_trk_aid=300537790;dc_trk_cid=68293971;ord=[timestamp];dc_lat=;dc_rdid=;tag_for_child_directed_treatment=?"" BORDER=""0"" HEIGHT=""1"" WIDTH=""1""",200,OK
12880,331542,"https://ad.doubleclick.net/ddm/trackimp/N152805.284566THETRADEDESK/B9219458.125950136;dc_trk_aid=298869223;dc_trk_cid=67263380;ord=[timestamp]?"" BORDER=""0"" HEIGHT=""1"" WIDTH=""1""",200,OK
12896,324260,"https://ad.doubleclick.net/ddm/ad/N2434.access/B8837356.120160256;sz=1x1;ord=[timestamp]?"" BORDER=0 WIDTH=1 HEIGHT=1 ALT=""Advertisement",200,OK
12928,314188,"http://magnetic.domdex.com/ahtm?mp=12&n=2719&c=102676&b=108111&sz=300x250&s=${REFERER_URL_ENC}&id=${AUCTION_ID}&a=${PRICE_PAID}"",""http://ad.doubleclick.net/ad/N5664.291800.MAGNETIC.COM/B8192115.115753111;sz=1x1;ord=${CACHEBUSTER}u201d BORDER=0 WIDTH=1 HEIGHT=1 ALT=""Advertisement",302,OK
12938,331539,"https://ad.doubleclick.net/ddm/trackimp/N152805.284566THETRADEDESK/B9219458.125950136;dc_trk_aid=298869223;dc_trk_cid=67263380;ord=[timestamp]?"" BORDER=""0"" HEIGHT=""1"" WIDTH=""1""",200,OK
13162,338432,"https://ad.doubleclick.net/ddm/ad/N950.131803TURNINC./B9331862.129212371;sz=1x1;ord=[timestamp];dc_lat=;dc_rdid=;tag_for_child_directed_treatment=?"" BORDER=0 WIDTH=1 HEIGHT=1 ALT=""Advertisement",200,OK
13193,331368,"https://ad.doubleclick.net/ddm/trackimp/N152805.284566THETRADEDESK/B9219458.125949961;dc_trk_aid=298869223;dc_trk_cid=67263380;ord=[timestamp]?"" BORDER=""0"" HEIGHT=""1"" WIDTH=""1""",200,OK
13200,336354,"https://ad.doubleclick.net/ddm/trackimp/N4268.456584.XAXIS.COM/B9372109.127404254;dc_trk_aid=300537790;dc_trk_cid=68293971;ord=[timestamp];dc_lat=;dc_rdid=;tag_for_child_directed_treatment=?"" BORDER=""0"" HEIGHT=""1"" WIDTH=""1""",200,OK
13341,327617,"https://ad.doubleclick.net/ddm/ad/N4406.284566THETRADEDESK/B8432070.123020150;sz=1x1;ord=[timestamp]?"" BORDER=0 WIDTH=1 HEIGHT=1 ALT=""Advertisement""",200,OK
13379,336357,"https://ad.doubleclick.net/ddm/trackimp/N4268.456584.XAXIS.COM/B9372109.129697542;dc_trk_aid=302682783;dc_trk_cid=68293971;ord=[timestamp];dc_lat=;dc_rdid=;tag_for_child_directed_treatment=?"" BORDER=""0"" HEIGHT=""1"" WIDTH=""1""",200,OK
13446,324266,"https://ad.doubleclick.net/ddm/ad/N2434.access/B8837356.119755664;sz=1x1;ord=[timestamp]?"" BORDER=0 WIDTH=1 HEIGHT=1 ALT=""Advertisement",200,OK
13604,331542,"https://ad.doubleclick.net/ddm/trackimp/N152805.284566THETRADEDESK/B9219458.125950136;dc_trk_aid=298869223;dc_trk_cid=67263380;ord=[timestamp]?"" BORDER=""0"" HEIGHT=""1"" WIDTH=""1""",200,OK
13638,331372,"https://ad.doubleclick.net/ddm/trackimp/N152805.284566THETRADEDESK/B9219458.125949961;dc_trk_aid=298869223;dc_trk_cid=67263380;ord=[timestamp]?"" BORDER=""0"" HEIGHT=""1"" WIDTH=""1""",200,OK
13654,334091,"https://ad.doubleclick.net/ddm/trackimp/N4268.456584.XAXIS.COM/B9372109.127404254;dc_trk_aid=300537790;dc_trk_cid=68293971;ord=[timestamp];dc_lat=;dc_rdid=;tag_for_child_directed_treatment=?"" BORDER=""0"" HEIGHT=""1"" WIDTH=""1""",200,OK
13677,324265,"https://ad.doubleclick.net/ddm/ad/N2434.access/B8837356.119755662;sz=1x1;ord=[timestamp]?"" BORDER=0 WIDTH=1 HEIGHT=1 ALT=""Advertisement",200,OK
13678,331369,"https://ad.doubleclick.net/ddm/trackimp/N152805.284566THETRADEDESK/B9219458.125949961;dc_trk_aid=298869223;dc_trk_cid=67263380;ord=[timestamp]?"" BORDER=""0"" HEIGHT=""1"" WIDTH=""1""",200,OK
13730,324266,"https://ad.doubleclick.net/ddm/ad/N2434.access/B8837356.119755664;sz=1x1;ord=[timestamp]?"" BORDER=0 WIDTH=1 HEIGHT=1 ALT=""Advertisement",200,OK
13739,331984,"https://ad.doubleclick.net/ddm/ad/N4406.284566THETRADEDESK/B8502472.126691892;sz=1x1;ord=[timestamp];dc_lat=;dc_rdid=;tag_for_child_directed_treatment=?"" BORDER=0 WIDTH=1 HEIGHT=1 ALT=""Advertisement""",200,OK
13807,335805,"http://nypi.dc-storm.com/dcv4/logi.aspx?tsid=1018087&sid=111814&acid=103799&crf=12292&agrf=122923385939&adrf=4561876&rnd=[cachebuster]"" height=""1"" width=""1"""",""http://amp.mediaforge.com/link/things4906/d5b19a1e-e0ca-11e5-8d7a-4614e0b2b2d1",200,OK
13888,331372,"https://ad.doubleclick.net/ddm/trackimp/N152805.284566THETRADEDESK/B9219458.125949961;dc_trk_aid=298869223;dc_trk_cid=67263380;ord=[timestamp]?"" BORDER=""0"" HEIGHT=""1"" WIDTH=""1""",200,OK
13936,330270,"https://ad.doubleclick.net/ddm/ad/N4406.284566THETRADEDESK/B8502472.125243843;sz=1x1;ord=[timestamp]?"" BORDER=0 WIDTH=1 HEIGHT=1 ALT=""Advertisement""",200,OK
13960,314590,http://ad.doubleclick.net/ad/N6543.468584.AMNETGROUPINC./B8562416.115649780;sz=1x1;ord=[RANDOM NUMBER]?,200,OK
13997,325611,"https://pixel.adsafeprotected.com/?anId=8845&advId=$!{ADVERTISER_ID}&campId=$!{INSERTION_ORDER_ID}&pubId=$!{INVENTORY_SOURCE_ID}&chanId=$!{PACKAGE_ID}&placementId=$!{AD_ID}&adsafe_par&bidurl=$!{SITE_URL}"" height=""1"" width=""1"" alt=""""",200,OK
14088,331370,"https://ad.doubleclick.net/ddm/trackimp/N152805.284566THETRADEDESK/B9219458.125949961;dc_trk_aid=298869223;dc_trk_cid=67263380;ord=[timestamp]?"" BORDER=""0"" HEIGHT=""1"" WIDTH=""1""",200,OK
14151,334644,https://bs.serving-sys.com/BurstingPipe/adServer.bs?  cn=tf&c=19&mc=imp&pli=16511190&PluID=0&ord=${CACHEBUSTER}&rtu=-1,200,OK
14173,331537,"https://ad.doubleclick.net/ddm/trackimp/N152805.284566THETRADEDESK/B9219458.125950136;dc_trk_aid=298869223;dc_trk_cid=67263380;ord=[timestamp]?"" BORDER=""0"" HEIGHT=""1"" WIDTH=""1""",200,OK
14179,331537,"https://ad.doubleclick.net/ddm/trackimp/N152805.284566THETRADEDESK/B9219458.125950136;dc_trk_aid=298869223;dc_trk_cid=67263380;ord=[timestamp]?"" BORDER=""0"" HEIGHT=""1"" WIDTH=""1""",200,OK
14556,336357,"https://ad.doubleclick.net/ddm/trackimp/N4268.456584.XAXIS.COM/B9372109.129697542;dc_trk_aid=302682783;dc_trk_cid=68293971;ord=[timestamp];dc_lat=;dc_rdid=;tag_for_child_directed_treatment=?"" BORDER=""0"" HEIGHT=""1"" WIDTH=""1""",200,OK
14653,336355,"https://ad.doubleclick.net/ddm/trackimp/N4268.456584.XAXIS.COM/B9372109.129697542;dc_trk_aid=302682783;dc_trk_cid=68293971;ord=[timestamp];dc_lat=;dc_rdid=;tag_for_child_directed_treatment=?"" BORDER=""0"" HEIGHT=""1"" WIDTH=""1""",200,OK
14663,324268,"https://ad.doubleclick.net/ddm/ad/N2434.access/B8837356.119755996;sz=1x1;ord=[timestamp]?"" BORDER=0 WIDTH=1 HEIGHT=1 ALT=""Advertisement",200,OK
14886,336355,"https://ad.doubleclick.net/ddm/trackimp/N4268.456584.XAXIS.COM/B9372109.129697542;dc_trk_aid=302682783;dc_trk_cid=68293971;ord=[timestamp];dc_lat=;dc_rdid=;tag_for_child_directed_treatment=?"" BORDER=""0"" HEIGHT=""1"" WIDTH=""1""",200,OK
14929,329882,"https://ad.doubleclick.net/ddm/trackimp/N5192.1264338TRIPLELIFTINC/B9018616.125041431;dc_trk_aid=297929779;dc_trk_cid=66687470;ord=[timestamp]?"" BORDER=""0"" HEIGHT=""1"" WIDTH=""1"" ALT=""Advertisement""",200,OK
14942,334091,"https://ad.doubleclick.net/ddm/trackimp/N4268.456584.XAXIS.COM/B9372109.127404254;dc_trk_aid=300537790;dc_trk_cid=68293971;ord=[timestamp];dc_lat=;dc_rdid=;tag_for_child_directed_treatment=?"" BORDER=""0"" HEIGHT=""1"" WIDTH=""1""",200,OK
15042,331401,"https://ad.doubleclick.net/ddm/trackimp/N152805.284566THETRADEDESK/B9219458.125950136;dc_trk_aid=298869223;dc_trk_cid=67263380;ord=[timestamp]?"" BORDER=""0"" HEIGHT=""1"" WIDTH=""1""",200,OK
15062,335806,"http://nypi.dc-storm.com/dcv4/logi.aspx?tsid=1018087&sid=111814&acid=103799&crf=12292&agrf=122923385939&adrf=4561876&rnd=[cachebuster]"" height=""1"" width=""1"""",""http://amp.mediaforge.com/link/things4906/c6da0f40-e0c9-11e5-944d-3a0cce674ee7",200,OK
15166,339760,"https://ad.atdmt.com/i/img;p=11297200825443;idfa=;idfa_lat=;aaid=;aaid_lat=;cache=%n"",""https://ad.doubleclick.net/ddm/trackimp/N162602.273606INFECTIOUSMEDIA/B8976304.131530553;dc_trk_aid=304195758;dc_trk_cid=70508982;ord=[timestamp];dc_lat=;dc_rdid=;tag_for_child_directed_treatment=?"" BORDER=""0"" HEIGHT=""1"" WIDTH=""1"" ALT=""Advertisement"">",200,OK
15206,327621,"https://ad.doubleclick.net/ddm/ad/N4406.284566THETRADEDESK/B8432070.123020413;sz=1x1;ord=[timestamp]?"" BORDER=0 WIDTH=1 HEIGHT=1 ALT=""Advertisement""",200,OK
15279,339759,"https://ad.atdmt.com/i/img;p=11297200825449;idfa=;idfa_lat=;aaid=;aaid_lat=;cache=%n"",""https://ad.doubleclick.net/ddm/trackimp/N162602.273606INFECTIOUSMEDIA/B8976304.131535551;dc_trk_aid=304195682;dc_trk_cid=70508982;ord=[timestamp];dc_lat=;dc_rdid=;tag_for_child_directed_treatment=?"" BORDER=""0"" HEIGHT=""1"" WIDTH=""1"" ALT=""Advertisement"">",200,OK
15329,336357,"https://ad.doubleclick.net/ddm/trackimp/N4268.456584.XAXIS.COM/B9372109.129697542;dc_trk_aid=302682783;dc_trk_cid=68293971;ord=[timestamp];dc_lat=;dc_rdid=;tag_for_child_directed_treatment=?"" BORDER=""0"" HEIGHT=""1"" WIDTH=""1""",200,OK
15355,328717,"https://ad.doubleclick.net/ddm/trackimp/N7997.1264338TRIPLELIFTINC/B9135008.124065712;dc_trk_aid=297027036;dc_trk_cid=66187412;ord=[timestamp]?"" BORDER=""0"" HEIGHT=""1"" WIDTH=""1""",200,OK
15361,335714,"https://ad.doubleclick.net/ddm/trackimp/N4620.150834TURN/B9494996.129225923;dc_trk_aid=302266730;dc_trk_cid=69244104;ord=[timestamp];dc_lat=;dc_rdid=;tag_for_child_directed_treatment=?"" BORDER=""0"" HEIGHT=""1"" WIDTH=""1"" ALT=""Advertisement"">",200,OK
15425,331542,"https://ad.doubleclick.net/ddm/trackimp/N152805.284566THETRADEDESK/B9219458.125950136;dc_trk_aid=298869223;dc_trk_cid=67263380;ord=[timestamp]?"" BORDER=""0"" HEIGHT=""1"" WIDTH=""1""",200,OK
15429,324263,"https://ad.doubleclick.net/ddm/ad/N2434.access/B8837356.120159988;sz=1x1;ord=[timestamp]?"" BORDER=0 WIDTH=1 HEIGHT=1 ALT=""Advertisement",200,OK
15432,324266,"https://ad.doubleclick.net/ddm/ad/N2434.access/B8837356.119755664;sz=1x1;ord=[timestamp]?"" BORDER=0 WIDTH=1 HEIGHT=1 ALT=""Advertisement",200,OK
15468,331368,"https://ad.doubleclick.net/ddm/trackimp/N152805.284566THETRADEDESK/B9219458.125949961;dc_trk_aid=298869223;dc_trk_cid=67263380;ord=[timestamp]?"" BORDER=""0"" HEIGHT=""1"" WIDTH=""1""",200,OK
15508,336355,"https://ad.doubleclick.net/ddm/trackimp/N4268.456584.XAXIS.COM/B9372109.129697542;dc_trk_aid=302682783;dc_trk_cid=68293971;ord=[timestamp];dc_lat=;dc_rdid=;tag_for_child_directed_treatment=?"" BORDER=""0"" HEIGHT=""1"" WIDTH=""1""",200,OK
15684,328681,"https://ad.doubleclick.net/ddm/ad/N3867.275383.THEEXCHANGELAB/B9087641.123548901;kw=5_${CP_ID}_${CREATIVE_ID};sz=1x1;ord=[timestamp]?"" BORDER=0 WIDTH=1 HEIGHT=1 ALT=""Advertisement"",""https://pixel.adsafeprotected.com/rfw/st/45972/6341429/skeleton.gif"" BORDER=0 WIDTH=1 HEIGHT=1 ALT=",200,OK
15770,331401,"https://ad.doubleclick.net/ddm/trackimp/N152805.284566THETRADEDESK/B9219458.125950136;dc_trk_aid=298869223;dc_trk_cid=67263380;ord=[timestamp]?"" BORDER=""0"" HEIGHT=""1"" WIDTH=""1""",200,OK
15877,324264,"https://ad.doubleclick.net/ddm/ad/N2434.access/B8837356.120160255;sz=1x1;ord=[timestamp]?"" BORDER=0 WIDTH=1 HEIGHT=1 ALT=""Advertisement",200,OK
15947,339754,"https://ad.atdmt.com/i/img;p=11297200825447;idfa=;idfa_lat=;aaid=;aaid_lat=;cache=%n"",""https://ad.doubleclick.net/ddm/trackimp/N162602.273606INFECTIOUSMEDIA/B8976304.131533974;dc_trk_aid=304197141;dc_trk_cid=70508982;ord=[timestamp];dc_lat=;dc_rdid=;tag_for_child_directed_treatment=?"" BORDER=""0"" HEIGHT=""1"" WIDTH=""1"" ALT=""Advertisement"">",200,OK
15950,334091,"https://ad.doubleclick.net/ddm/trackimp/N4268.456584.XAXIS.COM/B9372109.127404254;dc_trk_aid=300537790;dc_trk_cid=68293971;ord=[timestamp];dc_lat=;dc_rdid=;tag_for_child_directed_treatment=?"" BORDER=""0"" HEIGHT=""1"" WIDTH=""1""",200,OK
15962,330281,"https://ad.doubleclick.net/ddm/ad/N4406.284566THETRADEDESK/B8502472.125261201;sz=1x1;ord=[timestamp]?"" BORDER=0 WIDTH=1 HEIGHT=1 ALT=""Advertisement""",200,OK
15974,339506,"https://ad.doubleclick.net/ddm/trackimp/N5708.668587AODDISPLAY/B9304633.130295293;dc_trk_aid=304120981;dc_trk_cid=70459831;ord=[timestamp];dc_lat=;dc_rdid=;tag_for_child_directed_treatment=?"" BORDER=""0"" HEIGHT=""1"" WIDTH=""1"" ALT=""Advertisement"">",200,OK
16013,334659,https://bs.serving-sys.com/BurstingPipe/adServer.bs?  cn=tf&c=19&mc=imp&pli=16511186&PluID=0&ord=${CACHEBUSTER}&rtu=-1,200,OK
16023,333186,"http://www.example.com"",""http://www.example.com/23",failed to connect,Failed
16032,328679,"https://ad.doubleclick.net/ddm/ad/N3867.275383.THEEXCHANGELAB/B9087641.123042319;kw=5_${CP_ID}_${CREATIVE_ID};sz=1x1;ord=[timestamp]?"",""https://pixel.adsafeprotected.com/rfw/st/45972/6341421/skeleton.gif"" BORDER=0 WIDTH=1 HEIGHT=1 ALT=",200,OK
16171,334652,https://bs.serving-sys.com/BurstingPipe/adServer.bs?  cn=tf&c=19&mc=imp&pli=16511195&PluID=0&ord=${CACHEBUSTER}&rtu=-1,200,OK
16268,331539,"https://ad.doubleclick.net/ddm/trackimp/N152805.284566THETRADEDESK/B9219458.125950136;dc_trk_aid=298869223;dc_trk_cid=67263380;ord=[timestamp]?"" BORDER=""0"" HEIGHT=""1"" WIDTH=""1""",200,OK
16351,336357,"https://ad.doubleclick.net/ddm/trackimp/N4268.456584.XAXIS.COM/B9372109.129697542;dc_trk_aid=302682783;dc_trk_cid=68293971;ord=[timestamp];dc_lat=;dc_rdid=;tag_for_child_directed_treatment=?"" BORDER=""0"" HEIGHT=""1"" WIDTH=""1""",200,OK
16352,331400,"https://ad.doubleclick.net/ddm/trackimp/N152805.284566THETRADEDESK/B9219458.125949961;dc_trk_aid=298869223;dc_trk_cid=67263380;ord=[timestamp]?"" BORDER=""0"" HEIGHT=""1"" WIDTH=""1""",200,OK
16396,332452,"https://ad.atdmt.com/i/img;p=11087206036727;a=11087205969802;idfa=;idfa_lat=;aaid=;aaid_lat=;cache=   <SCRIPT language='JavaScript1.1' SRC=""http://pixel.adsafeprotected.com/rjss/st/49505/7124439/skeleton.js""></SCRIPT> <NOSCRIPT><IMG SRC=""http://pixel.adsafeprotected.com/rfw/st/49505/7124438/skeleton.gif"" BORDER=0 WIDTH=1 HEIGHT=1 ALT=""""></NOSCRIPT>",200,OK
16409,327628,"https://ad.doubleclick.net/ddm/ad/N4406.284566THETRADEDESK/B8432070.123020416;sz=1x1;ord=[timestamp]?"" BORDER=0 WIDTH=1 HEIGHT=1 ALT=""Advertisement""",200,OK
16422,331372,"https://ad.doubleclick.net/ddm/trackimp/N152805.284566THETRADEDESK/B9219458.125949961;dc_trk_aid=298869223;dc_trk_cid=67263380;ord=[timestamp]?"" BORDER=""0"" HEIGHT=""1"" WIDTH=""1""",200,OK
16480,335262,"https://ad.doubleclick.net/ddm/ad/N950.131803TURNINC./B9331862.129115183;sz=1x1;ord=[timestamp];dc_lat=;dc_rdid=;tag_for_child_directed_treatment=?"" BORDER=0 WIDTH=1 HEIGHT=1 ALT=""Advertisement""",200,OK
16510,330280,"https://ad.doubleclick.net/ddm/ad/N4406.284566THETRADEDESK/B8502472.124755312;sz=1x1;ord=[timestamp]?"" BORDER=0 WIDTH=1 HEIGHT=1 ALT=""Advertisement""",200,OK
16520,329874,"https://ad.doubleclick.net/ddm/trackimp/N5192.1264338TRIPLELIFTINC/B9018616.125041431;dc_trk_aid=297943300;dc_trk_cid=66690813;ord=[timestamp]?"" BORDER=""0"" HEIGHT=""1"" WIDTH=""1"" ALT=""Advertisement""",200,OK
16636,334092,"https://ad.doubleclick.net/ddm/trackimp/N4268.456584.XAXIS.COM/B9372109.127404254;dc_trk_aid=300537790;dc_trk_cid=68293971;ord=[timestamp];dc_lat=;dc_rdid=;tag_for_child_directed_treatment=?"" BORDER=""0"" HEIGHT=""1"" WIDTH=""1""",200,OK
16697,327600,"https://ad.doubleclick.net/ddm/ad/N4406.284566THETRADEDESK/B8432070.123020503;sz=1x1;ord=[timestamp]?"" BORDER=0 WIDTH=1 HEIGHT=1 ALT=""Advertisement""",200,OK
16741,315186,"http://ad.doubleclick.net/ddm/ad/N149404.284566THETRADEDESK/B8659700.117181173;sz=1x1;ord=[timestamp]?"" BORDER=0 WIDTH=1 HEIGHT=1 ALT=""Advertisement""></A>",200,OK
16803,327627,"https://ad.doubleclick.net/ddm/ad/N4406.284566THETRADEDESK/B8432070.123031137;sz=1x1;ord=[timestamp]?"" BORDER=0 WIDTH=1 HEIGHT=1 ALT=""Advertisement""",200,OK
16954,331536,"https://ad.doubleclick.net/ddm/trackimp/N152805.284566THETRADEDESK/B9219458.125950136;dc_trk_aid=298869223;dc_trk_cid=67263380;ord=[timestamp]?"" BORDER=""0"" HEIGHT=""1"" WIDTH=""1""",200,OK
17115,334091,"https://ad.doubleclick.net/ddm/trackimp/N4268.456584.XAXIS.COM/B9372109.127404254;dc_trk_aid=300537790;dc_trk_cid=68293971;ord=[timestamp];dc_lat=;dc_rdid=;tag_for_child_directed_treatment=?"" BORDER=""0"" HEIGHT=""1"" WIDTH=""1""",200,OK
17134,331543,"https://ad.doubleclick.net/ddm/trackimp/N152805.284566THETRADEDESK/B9219458.125950136;dc_trk_aid=298869223;dc_trk_cid=67263380;ord=[timestamp]?"" BORDER=""0"" HEIGHT=""1"" WIDTH=""1""",200,OK
17147,334647,https://bs.serving-sys.com/BurstingPipe/adServer.bs?  cn=tf&c=19&mc=imp&pli=16511144&PluID=0&ord=${CACHEBUSTER}&rtu=-1,200,OK
17308,331371,"https://ad.doubleclick.net/ddm/trackimp/N152805.284566THETRADEDESK/B9219458.125949961;dc_trk_aid=298869223;dc_trk_cid=67263380;ord=[timestamp]?"" BORDER=""0"" HEIGHT=""1"" WIDTH=""1""",200,OK
17319,330270,"https://ad.doubleclick.net/ddm/ad/N4406.284566THETRADEDESK/B8502472.125243843;sz=1x1;ord=[timestamp]?"" BORDER=0 WIDTH=1 HEIGHT=1 ALT=""Advertisement""",200,OK
17331,331541,"https://ad.doubleclick.net/ddm/trackimp/N152805.284566THETRADEDESK/B9219458.125950136;dc_trk_aid=298869223;dc_trk_cid=67263380;ord=[timestamp]?"" BORDER=""0"" HEIGHT=""1"" WIDTH=""1""",200,OK
17437,332098,"https://ad.doubleclick.net/ddm/ad/N7914.124997.GOOGLESEARCH/B9292770.126133215;sz=1x1;ord=[timestamp];dc_lat=;dc_rdid=;tag_for_child_directed_treatment=?"",""https://adfarm.mediaplex.com/ad/tr/28835-219507-51702-0?mpt=[CACHEBUSTER]&dcid=126133215&devid=INSERT_DEVICE ID_HERE",200,OK
17451,331364,"https://ad.doubleclick.net/ddm/trackimp/N152805.284566THETRADEDESK/B9219458.125949961;dc_trk_aid=298869223;dc_trk_cid=67263380;ord=[timestamp]?"" BORDER=""0"" HEIGHT=""1"" WIDTH=""1""",200,OK
17458,324263,"https://ad.doubleclick.net/ddm/ad/N2434.access/B8837356.120159988;sz=1x1;ord=[timestamp]?"" BORDER=0 WIDTH=1 HEIGHT=1 ALT=""Advertisement",200,OK
17512,332418,"https://ad.atdmt.com/i/img;p=11087206036727;a=11087205969802;idfa=;idfa_lat=;aaid=;aaid_lat=;cache=   <SCRIPT language='JavaScript1.1' SRC=""http://pixel.adsafeprotected.com/rjss/st/49505/7124439/skeleton.js""></SCRIPT> <NOSCRIPT><IMG SRC=""http://pixel.adsafeprotected.com/rfw/st/49505/7124438/skeleton.gif"" BORDER=0 WIDTH=1 HEIGHT=1 ALT=""""></NOSCRIPT>",200,OK
17611,331398,"https://ad.doubleclick.net/ddm/trackimp/N152805.284566THETRADEDESK/B9219458.125949961;dc_trk_aid=298869223;dc_trk_cid=67263380;ord=[timestamp]?"" BORDER=""0"" HEIGHT=""1"" WIDTH=""1""",200,OK
17665,314188,"http://magnetic.domdex.com/ahtm?mp=12&n=2719&c=102676&b=108111&sz=300x250&s=${REFERER_URL_ENC}&id=${AUCTION_ID}&a=${PRICE_PAID}"",""http://ad.doubleclick.net/ad/N5664.291800.MAGNETIC.COM/B8192115.115753111;sz=1x1;ord=${CACHEBUSTER}u201d BORDER=0 WIDTH=1 HEIGHT=1 ALT=""Advertisement",302,OK
17715,324263,"https://ad.doubleclick.net/ddm/ad/N2434.access/B8837356.120159988;sz=1x1;ord=[timestamp]?"" BORDER=0 WIDTH=1 HEIGHT=1 ALT=""Advertisement",200,OK
17719,328680,"https://pixel.adsafeprotected.com/rfw/st/45972/6341435/skeleton.gif"" BORDER=0 WIDTH=1 HEIGHT=1 ALT="",""https://ad.doubleclick.net/ddm/ad/N3867.275383.THEEXCHANGELAB/B9087641.123554212;kw=5_${CP_ID}_${CREATIVE_ID};sz=1x1;ord=[timestamp]?"" BORDER=0 WIDTH=1 HEIGHT=1 ALT=",302,OK
17842,315515,"https://ad.doubleclick.net/ddm/ad/N884.1211338.AFFIPERF.NET6/B8575733.117924627;sz=1x1;ord=[timestamp]?"" BORDER=0 WIDTH=1 HEIGHT=1 ALT=""Advertisement",200,OK
17903,332259,http://insight.adsrvr.org/track/imp/?adv=wi75vx7&ct=0:j40m3gq&fmt=3,302,OK
17923,322900,"https://media.curiositystream.com/image?spacedesc=23460036_23026451_1x1_23460035_23460036&random=&ML_NIF=N"" WIDTH=1 HEIGHT=1 ALT=""Click Here",302,OK
18069,331532,"https://ad.doubleclick.net/ddm/trackimp/N152805.284566THETRADEDESK/B9219458.125950136;dc_trk_aid=298869223;dc_trk_cid=67263380;ord=[timestamp]?"" BORDER=""0"" HEIGHT=""1"" WIDTH=""1""",200,OK
18113,325611,"https://pixel.adsafeprotected.com/?anId=8845&advId=$!{ADVERTISER_ID}&campId=$!{INSERTION_ORDER_ID}&pubId=$!{INVENTORY_SOURCE_ID}&chanId=$!{PACKAGE_ID}&placementId=$!{AD_ID}&adsafe_par&bidurl=$!{SITE_URL}"" height=""1"" width=""1"" alt=""""",200,OK
18120,324260,"https://ad.doubleclick.net/ddm/ad/N2434.access/B8837356.120160256;sz=1x1;ord=[timestamp]?"" BORDER=0 WIDTH=1 HEIGHT=1 ALT=""Advertisement",200,OK
18160,331398,"https://ad.doubleclick.net/ddm/trackimp/N152805.284566THETRADEDESK/B9219458.125949961;dc_trk_aid=298869223;dc_trk_cid=67263380;ord=[timestamp]?"" BORDER=""0"" HEIGHT=""1"" WIDTH=""1""",200,OK
18193,331532,"https://ad.doubleclick.net/ddm/trackimp/N152805.284566THETRADEDESK/B9219458.125950136;dc_trk_aid=298869223;dc_trk_cid=67263380;ord=[timestamp]?"" BORDER=""0"" HEIGHT=""1"" WIDTH=""1""",200,OK
18233,329784,"http://ohlone.vizu.com/a.gif?vzcid=30604&vzadid=native&vzsid=accuen&ord=[RANDOM]"" style=""display:none",failed to connect,Failed
18243,335052,"https://ad.doubleclick.net/ddm/ad/N6873.286450AMNET0/B9272494.129121060;sz=1x1;ord=[timestamp];dc_lat=;dc_rdid=;tag_for_child_directed_treatment=?"" BORDER=0 WIDTH=1 HEIGHT=1 ALT=""Advertisement""",200,OK
18477,334092,"https://ad.doubleclick.net/ddm/trackimp/N4268.456584.XAXIS.COM/B9372109.127404254;dc_trk_aid=300537790;dc_trk_cid=68293971;ord=[timestamp];dc_lat=;dc_rdid=;tag_for_child_directed_treatment=?"" BORDER=""0"" HEIGHT=""1"" WIDTH=""1""",200,OK
18481,324866,"https://ad.doubleclick.net/ddm/ad/N4478.668587.AODDISPLAY/B8838481.119808084;sz=1x1;ord=[timestamp]?"",""https://ohlone.vizu.com/a.gif?vzcid=25820&vzadid=exposed&vzsid=vivaki&ord=[RANDOM]"" style=""display:none",302,OK
18557,334599,http://trackaeafds,failed to connect,Failed
18574,334650,https://bs.serving-sys.com/BurstingPipe/adServer.bs?  cn=tf&c=19&mc=imp&pli=16511135&PluID=0&ord=${CACHEBUSTER}&rtu=-1,200,OK
18678,324264,"https://ad.doubleclick.net/ddm/ad/N2434.access/B8837356.120160255;sz=1x1;ord=[timestamp]?"" BORDER=0 WIDTH=1 HEIGHT=1 ALT=""Advertisement",200,OK
18719,324265,"https://ad.doubleclick.net/ddm/ad/N2434.access/B8837356.119755662;sz=1x1;ord=[timestamp]?"" BORDER=0 WIDTH=1 HEIGHT=1 ALT=""Advertisement",200,OK
18737,334092,"https://ad.doubleclick.net/ddm/trackimp/N4268.456584.XAXIS.COM/B9372109.127404254;dc_trk_aid=300537790;dc_trk_cid=68293971;ord=[timestamp];dc_lat=;dc_rdid=;tag_for_child_directed_treatment=?"" BORDER=""0"" HEIGHT=""1"" WIDTH=""1""",200,OK
18762,315182,"http://ad.doubleclick.net/ddm/ad/N149404.284566THETRADEDESK/B8659700.117180973;sz=1x1;ord=[timestamp]?"" BORDER=0 WIDTH=1 HEIGHT=1 ALT=""Advertisement""></A>",200,OK
18767,320697,"https://media.curiositystream.com/image?spacedesc=23026457_23026451_1x1_23026456_23026457&random=&ML_NIF=N"" WIDTH=1   HEIGHT=1 ALT=""Click Here",302,OK
18814,331367,"https://ad.doubleclick.net/ddm/trackimp/N152805.284566THETRADEDESK/B9219458.125949961;dc_trk_aid=298869223;dc_trk_cid=67263380;ord=[timestamp]?"" BORDER=""0"" HEIGHT=""1"" WIDTH=""1""",200,OK
18840,331536,"https://ad.doubleclick.net/ddm/trackimp/N152805.284566THETRADEDESK/B9219458.125950136;dc_trk_aid=298869223;dc_trk_cid=67263380;ord=[timestamp]?"" BORDER=""0"" HEIGHT=""1"" WIDTH=""1""",200,OK
18904,334092,"https://ad.doubleclick.net/ddm/trackimp/N4268.456584.XAXIS.COM/B9372109.127404254;dc_trk_aid=300537790;dc_trk_cid=68293971;ord=[timestamp];dc_lat=;dc_rdid=;tag_for_child_directed_treatment=?"" BORDER=""0"" HEIGHT=""1"" WIDTH=""1""",200,OK
18918,335262,"https://ad.doubleclick.net/ddm/ad/N950.131803TURNINC./B9331862.129116443;sz=1x1;ord=[timestamp];dc_lat=;dc_rdid=;tag_for_child_directed_treatment=?"" BORDER=0 WIDTH=1 HEIGHT=1 ALT=""Advertisement""",200,OK
18976,328684,"https://ad.doubleclick.net/ddm/ad/N3867.275383.THEEXCHANGELAB/B9087641.123554905;kw=5_${CP_ID}_${CREATIVE_ID};sz=1x1;ord=[timestamp]?"" BORDER=0 WIDTH=1 HEIGHT=1 ALT="",""https://pixel.adsafeprotected.com/rfw/st/45972/6341447/skeleton.gif"" BORDER=0 WIDTH=1 HEIGHT=1 ALT=",200,OK
19005,334639,https://bs.serving-sys.com/BurstingPipe/adServer.bs?  cn=tf&c=19&mc=imp&pli=16511199&PluID=0&ord=${CACHEBUSTER}&rtu=-1,200,OK
19076,331535,"https://ad.doubleclick.net/ddm/trackimp/N152805.284566THETRADEDESK/B9219458.125950136;dc_trk_aid=298869223;dc_trk_cid=67263380;ord=[timestamp]?"" BORDER=""0"" HEIGHT=""1"" WIDTH=""1""",200,OK
19133,334091,"https://ad.doubleclick.net/ddm/trackimp/N4268.456584.XAXIS.COM/B9372109.127404254;dc_trk_aid=300537790;dc_trk_cid=68293971;ord=[timestamp];dc_lat=;dc_rdid=;tag_for_child_directed_treatment=?"" BORDER=""0"" HEIGHT=""1"" WIDTH=""1""",200,OK
19172,331398,"https://ad.doubleclick.net/ddm/trackimp/N152805.284566THETRADEDESK/B9219458.125949961;dc_trk_aid=298869223;dc_trk_cid=67263380;ord=[timestamp]?"" BORDER=""0"" HEIGHT=""1"" WIDTH=""1""",200,OK
19195,324262,"https://ad.doubleclick.net/ddm/ad/N2434.access/B8837356.119757310;sz=1x1;ord=[timestamp]?"" BORDER=0 WIDTH=1 HEIGHT=1 ALT=""Advertisement",200,OK
19377,331370,"https://ad.doubleclick.net/ddm/trackimp/N152805.284566THETRADEDESK/B9219458.125949961;dc_trk_aid=298869223;dc_trk_cid=67263380;ord=[timestamp]?"" BORDER=""0"" HEIGHT=""1"" WIDTH=""1""",200,OK
19599,334648,https://bs.serving-sys.com/BurstingPipe/adServer.bs?  cn=tf&c=19&mc=imp&pli=16511135&PluID=0&ord=${CACHEBUSTER}&rtu=-1,200,OK
19625,336357,"https://ad.doubleclick.net/ddm/trackimp/N4268.456584.XAXIS.COM/B9372109.129697542;dc_trk_aid=302682783;dc_trk_cid=68293971;ord=[timestamp];dc_lat=;dc_rdid=;tag_for_child_directed_treatment=?"" BORDER=""0"" HEIGHT=""1"" WIDTH=""1""",200,OK
19709,334657,https://bs.serving-sys.com/BurstingPipe/adServer.bs?  cn=tf&c=19&mc=imp&pli=16511186&PluID=0&ord=${CACHEBUSTER}&rtu=-1,200,OK
19829,325614,"https://pixel.adsafeprotected.com/?anId=8845&advId=$!{ADVERTISER_ID}&campId=$!{INSERTION_ORDER_ID}&pubId=$!{INVENTORY_SOURCE_ID}&chanId=$!{PACKAGE_ID}&placementId=$!{AD_ID}&adsafe_par&bidurl=$!{SITE_URL}"" height=""1"" width=""1"" alt=""""",200,OK
19848,339755,"https://ad.doubleclick.net/ddm/trackimp/N162602.273606INFECTIOUSMEDIA/B8976304.131532285;dc_trk_aid=304195767;dc_trk_cid=70508982;ord=[timestamp];dc_lat=;dc_rdid=;tag_for_child_directed_treatment=?"" BORDER=""0"" HEIGHT=""1"" WIDTH=""1"" ALT=""Advertisement"">"",""https://ad.atdmt.com/i/img;p=11297200825445;idfa=;idfa_lat=;aaid=;aaid_lat=;cache=%n",200,OK
19876,338432,"https://ad.doubleclick.net/ddm/ad/N950.131803TURNINC./B9331862.130887025;sz=1x1;ord=[timestamp];dc_lat=;dc_rdid=;tag_for_child_directed_treatment=?"" BORDER=0 WIDTH=1 HEIGHT=1 ALT=""Advertisement""",200,OK
20015,335262,"https://ad.doubleclick.net/ddm/ad/N950.131803TURNINC./B9331862.129115274;sz=1x1;ord=[timestamp];dc_lat=;dc_rdid=;tag_for_child_directed_treatment=?"" BORDER=0 WIDTH=1 HEIGHT=1 ALT=""Advertisement""",200,OK
20175,338432,"https://ad.doubleclick.net/ddm/ad/N950.131803TURNINC./B9331862.130886549;sz=1x1;ord=[timestamp];dc_lat=;dc_rdid=;tag_for_child_directed_treatment=?"" BORDER=0 WIDTH=1 HEIGHT=1 ALT=""Advertisement""",200,OK
20256,330286,"https://ad.doubleclick.net/ddm/ad/N4406.284566THETRADEDESK/B8502472.125249781;sz=1x1;ord=[timestamp]?"" BORDER=0 WIDTH=1 HEIGHT=1 ALT=""Advertisement""",200,OK
20388,336354,"https://ad.doubleclick.net/ddm/trackimp/N4268.456584.XAXIS.COM/B9372109.127404254;dc_trk_aid=300537790;dc_trk_cid=68293971;ord=[timestamp];dc_lat=;dc_rdid=;tag_for_child_directed_treatment=?"" BORDER=""0"" HEIGHT=""1"" WIDTH=""1""",200,OK
20493,334999,"https://ad.doubleclick.net/ddm/ad/N6873.286450AMNET0/B9272494.129125951;sz=1x1;ord=[timestamp];dc_lat=;dc_rdid=;tag_for_child_directed_treatment=?"" BORDER=0 WIDTH=1 HEIGHT=1 ALT=""Advertisement""",200,OK
20549,324258,"https://ad.doubleclick.net/ddm/ad/N2434.access/B8837356.119757310;sz=1x1;ord=[timestamp]?"" BORDER=0 WIDTH=1 HEIGHT=1 ALT=""Advertisement",200,OK
20610,332454,"https://ad.atdmt.com/i/img;p=11087206036727;a=11087205969798;idfa=;idfa_lat=;aaid=;aaid_lat=;cache=   <SCRIPT language='JavaScript1.1' SRC=""http://pixel.adsafeprotected.com/rjss/st/49505/7124437/skeleton.js""></SCRIPT> <NOSCRIPT><IMG SRC=""http://pixel.adsafeprotected.com/rfw/st/49505/7124436/skeleton.gif"" BORDER=0 WIDTH=1 HEIGHT=1 ALT=""""></NOSCRIPT>",200,OK
20648,335053,"https://ad.doubleclick.net/ddm/ad/N6873.286450AMNET0/B9272494.129121679;sz=1x1;ord=[timestamp];dc_lat=;dc_rdid=;tag_for_child_directed_treatment=?"" BORDER=0 WIDTH=1 HEIGHT=1 ALT=""Advertisement""",200,OK
20772,324266,"https://ad.doubleclick.net/ddm/ad/N2434.access/B8837356.119755664;sz=1x1;ord=[timestamp]?"" BORDER=0 WIDTH=1 HEIGHT=1 ALT=""Advertisement",200,OK
20836,334726,"https://ad.doubleclick.net/ddm/trackimp/N1068.127315.CENTRO/B9398950.128587854;dc_trk_aid=301550147;dc_trk_cid=68519664;ord=[timestamp];dc_lat=;dc_rdid=;tag_for_child_directed_treatment=?"" BORDER=""0"" HEIGHT=""1"" WIDTH=""1"" ALT=""Advertisement",200,OK
21049,334091,"https://ad.doubleclick.net/ddm/trackimp/N4268.456584.XAXIS.COM/B9372109.127404254;dc_trk_aid=300537790;dc_trk_cid=68293971;ord=[timestamp];dc_lat=;dc_rdid=;tag_for_child_directed_treatment=?"" BORDER=""0"" HEIGHT=""1"" WIDTH=""1""",200,OK
21086,330277,"https://ad.doubleclick.net/ddm/ad/N4406.284566THETRADEDESK/B8502472.125241960;sz=1x1;ord=[timestamp]?"" BORDER=0 WIDTH=1 HEIGHT=1 ALT=""Advertisement""",200,OK
21119,331543,"https://ad.doubleclick.net/ddm/trackimp/N152805.284566THETRADEDESK/B9219458.125950136;dc_trk_aid=298869223;dc_trk_cid=67263380;ord=[timestamp]?"" BORDER=""0"" HEIGHT=""1"" WIDTH=""1""",200,OK
21187,331535,"https://ad.doubleclick.net/ddm/trackimp/N152805.284566THETRADEDESK/B9219458.125950136;dc_trk_aid=298869223;dc_trk_cid=67263380;ord=[timestamp]?"" BORDER=""0"" HEIGHT=""1"" WIDTH=""1""",200,OK
21198,334093,"https://ad.doubleclick.net/ddm/trackimp/N4268.456584.XAXIS.COM/B9372109.127404254;dc_trk_aid=300537790;dc_trk_cid=68293971;ord=[timestamp];dc_lat=;dc_rdid=;tag_for_child_directed_treatment=?"" BORDER=""0"" HEIGHT=""1"" WIDTH=""1""",200,OK
21238,324265,"https://ad.doubleclick.net/ddm/ad/N2434.access/B8837356.119755662;sz=1x1;ord=[timestamp]?"" BORDER=0 WIDTH=1 HEIGHT=1 ALT=""Advertisement",200,OK
21245,332737,"https://ad.doubleclick.net/ddm/trackimp/N5192.284566.THETRADEDESK/B9291703.127299689;dc_trk_aid=300327506;dc_trk_cid=68168977;ord=[timestamp];dc_lat=;dc_rdid=;tag_for_child_directed_treatment=?"" BORDER=""0"" HEIGHT=""1"" WIDTH=""1"" ALT=""Advertisement""",200,OK
21275,334092,"https://ad.doubleclick.net/ddm/trackimp/N4268.456584.XAXIS.COM/B9372109.127404254;dc_trk_aid=300537790;dc_trk_cid=68293971;ord=[timestamp];dc_lat=;dc_rdid=;tag_for_child_directed_treatment=?"" BORDER=""0"" HEIGHT=""1"" WIDTH=""1""",200,OK
21333,324866,"https://ad.doubleclick.net/ddm/ad/N4478.668587.AODDISPLAY/B8838481.119808084;sz=1x1;ord=[timestamp]?"",""https://ohlone.vizu.com/a.gif?vzcid=25820&vzadid=exposed&vzsid=vivaki&ord=[RANDOM]"" style=""display:none",302,OK
21422,336355,"https://ad.doubleclick.net/ddm/trackimp/N4268.456584.XAXIS.COM/B9372109.129697542;dc_trk_aid=302682783;dc_trk_cid=68293971;ord=[timestamp];dc_lat=;dc_rdid=;tag_for_child_directed_treatment=?"" BORDER=""0"" HEIGHT=""1"" WIDTH=""1""",200,OK
21502,339506,"https://ad.doubleclick.net/ddm/trackimp/N5708.668587AODDISPLAY/B9304633.130295293;dc_trk_aid=304120981;dc_trk_cid=70455766;ord=[timestamp];dc_lat=;dc_rdid=;tag_for_child_directed_treatment=?"" BORDER=""0"" HEIGHT=""1"" WIDTH=""1"" ALT=""Advertisement"">",200,OK
21530,331540,"https://ad.doubleclick.net/ddm/trackimp/N152805.284566THETRADEDESK/B9219458.125950136;dc_trk_aid=298869223;dc_trk_cid=67263380;ord=[timestamp]?"" BORDER=""0"" HEIGHT=""1"" WIDTH=""1""",200,OK
21537,331542,"https://ad.doubleclick.net/ddm/trackimp/N152805.284566THETRADEDESK/B9219458.125950136;dc_trk_aid=298869223;dc_trk_cid=67263380;ord=[timestamp]?"" BORDER=""0"" HEIGHT=""1"" WIDTH=""1""",200,OK
21789,331368,"https://ad.doubleclick.net/ddm/trackimp/N152805.284566THETRADEDESK/B9219458.125949961;dc_trk_aid=298869223;dc_trk_cid=67263380;ord=[timestamp]?"" BORDER=""0"" HEIGHT=""1"" WIDTH=""1""",200,OK
22090,329784,"http://ohlone.vizu.com/a.gif?vzcid=30604&vzadid=native&vzsid=accuen&ord=[RANDOM]"" style=""display:none",failed to connect,Failed
22112,324866,"https://ad.doubleclick.net/ddm/ad/N4478.668587.AODDISPLAY/B8838481.119808084;sz=1x1;ord=[timestamp]?"",""https://ohlone.vizu.com/a.gif?vzcid=25820&vzadid=exposed&vzsid=vivaki&ord=[RANDOM]"" style=""display:none",302,OK
22155,331401,"https://ad.doubleclick.net/ddm/trackimp/N152805.284566THETRADEDESK/B9219458.125950136;dc_trk_aid=298869223;dc_trk_cid=67263380;ord=[timestamp]?"" BORDER=""0"" HEIGHT=""1"" WIDTH=""1""",200,OK
22305,324262,"https://ad.doubleclick.net/ddm/ad/N2434.access/B8837356.119757310;sz=1x1;ord=[timestamp]?"" BORDER=0 WIDTH=1 HEIGHT=1 ALT=""Advertisement",200,OK
22428,331365,"https://ad.doubleclick.net/ddm/trackimp/N152805.284566THETRADEDESK/B9219458.125949961;dc_trk_aid=298869223;dc_trk_cid=67263380;ord=[timestamp]?"" BORDER=""0"" HEIGHT=""1"" WIDTH=""1""",200,OK
22468,335057,"https://ad.doubleclick.net/ddm/ad/N6873.286450AMNET0/B9272494.129125953;sz=1x1;ord=[timestamp];dc_lat=;dc_rdid=;tag_for_child_directed_treatment=?"" BORDER=0 WIDTH=1 HEIGHT=1 ALT=""Advertisement""",200,OK
22663,330681,"https://ad.doubleclick.net/ddm/ad/N4406.1806123HUDDLEDMASSES.COM/B8441348.125513648;sz=1x1;ord=[RANDOM_NUMBER];dc_lat=;dc_rdid=;tag_for_child_directed_treatment=?"" BORDER=0 WIDTH=1 HEIGHT=1 ALT=""Advertisement",200,OK
22717,331533,"https://ad.doubleclick.net/ddm/trackimp/N152805.284566THETRADEDESK/B9219458.125950136;dc_trk_aid=298869223;dc_trk_cid=67263380;ord=[timestamp]?"" BORDER=""0"" HEIGHT=""1"" WIDTH=""1""",200,OK
22847,331367,"https://ad.doubleclick.net/ddm/trackimp/N152805.284566THETRADEDESK/B9219458.125949961;dc_trk_aid=298869223;dc_trk_cid=67263380;ord=[timestamp]?"" BORDER=""0"" HEIGHT=""1"" WIDTH=""1""",200,OK
22854,325610,"https://pixel.adsafeprotected.com/?anId=8845&advId=$!{ADVERTISER_ID}&campId=$!{INSERTION_ORDER_ID}&pubId=$!{INVENTORY_SOURCE_ID}&chanId=$!{PACKAGE_ID}&placementId=$!{AD_ID}&adsafe_par&bidurl=$!{SITE_URL}"" height=""1"" width=""1"" alt=""""",200,OK
22879,315184,"http://ad.doubleclick.net/ddm/ad/N149404.284566THETRADEDESK/B8659700.117180976;sz=1x1;ord=[timestamp]?"" BORDER=0 WIDTH=1 HEIGHT=1 ALT=""Advertisement""></A>",200,OK
22882,334093,"https://ad.doubleclick.net/ddm/trackimp/N4268.456584.XAXIS.COM/B9372109.127404254;dc_trk_aid=300537790;dc_trk_cid=68293971;ord=[timestamp];dc_lat=;dc_rdid=;tag_for_child_directed_treatment=?"" BORDER=""0"" HEIGHT=""1"" WIDTH=""1""",200,OK
22974,331399,"https://ad.doubleclick.net/ddm/trackimp/N152805.284566THETRADEDESK/B9219458.125949961;dc_trk_aid=298869223;dc_trk_cid=67263380;ord=[timestamp]?"" BORDER=""0"" HEIGHT=""1"" WIDTH=""1""",200,OK
23033,325614,"https://pixel.adsafeprotected.com/?anId=8845&advId=$!{ADVERTISER_ID}&campId=$!{INSERTION_ORDER_ID}&pubId=$!{INVENTORY_SOURCE_ID}&chanId=$!{PACKAGE_ID}&placementId=$!{AD_ID}&adsafe_par&bidurl=$!{SITE_URL}"" height=""1"" width=""1"" alt=""""",200,OK
23109,336357,"https://ad.doubleclick.net/ddm/trackimp/N4268.456584.XAXIS.COM/B9372109.129697542;dc_trk_aid=302682783;dc_trk_cid=68293971;ord=[timestamp];dc_lat=;dc_rdid=;tag_for_child_directed_treatment=?"" BORDER=""0"" HEIGHT=""1"" WIDTH=""1""",200,OK
23183,324262,"https://ad.doubleclick.net/ddm/ad/N2434.access/B8837356.119757310;sz=1x1;ord=[timestamp]?"" BORDER=0 WIDTH=1 HEIGHT=1 ALT=""Advertisement",200,OK
23220,324264,"https://ad.doubleclick.net/ddm/ad/N2434.access/B8837356.120160255;sz=1x1;ord=[timestamp]?"" BORDER=0 WIDTH=1 HEIGHT=1 ALT=""Advertisement",200,OK
23307,324747,"http://impression.com"",""http://image.com"",""http://pixel.com"",""http://www.doubleclick.net",failed to connect,Failed
23322,339757,"https://ad.doubleclick.net/ddm/trackimp/N162602.273606INFECTIOUSMEDIA/B8976304.131537602;dc_trk_aid=304200084;dc_trk_cid=70508982;ord=[timestamp];dc_lat=;dc_rdid=;tag_for_child_directed_treatment=?"" BORDER=""0"" HEIGHT=""1"" WIDTH=""1"" ALT=""Advertisement"">"",""https://ad.atdmt.com/i/img;p=11297200825448;idfa=;idfa_lat=;aaid=;aaid_lat=;cache=%n",200,OK
23349,331532,"https://ad.doubleclick.net/ddm/trackimp/N152805.284566THETRADEDESK/B9219458.125950136;dc_trk_aid=298869223;dc_trk_cid=67263380;ord=[timestamp]?"" BORDER=""0"" HEIGHT=""1"" WIDTH=""1""",200,OK
23756,338432,"https://ad.doubleclick.net/ddm/ad/N950.131803TURNINC./B9331862.130885581;sz=1x1;ord=[timestamp];dc_lat=;dc_rdid=;tag_for_child_directed_treatment=?"" BORDER=0 WIDTH=1 HEIGHT=1 ALT=""Advertisement""",200,OK
23901,324265,"https://ad.doubleclick.net/ddm/ad/N2434.access/B8837356.119755662;sz=1x1;ord=[timestamp]?"" BORDER=0 WIDTH=1 HEIGHT=1 ALT=""Advertisement",200,OK
23966,331540,"https://ad.doubleclick.net/ddm/trackimp/N152805.284566THETRADEDESK/B9219458.125950136;dc_trk_aid=298869223;dc_trk_cid=67263380;ord=[timestamp]?"" BORDER=""0"" HEIGHT=""1"" WIDTH=""1""",200,OK
23980,338432,"https://ad.doubleclick.net/ddm/ad/N950.131803TURNINC./B9331862.130880632;sz=1x1;ord=[timestamp];dc_lat=;dc_rdid=;tag_for_child_directed_treatment=?"" BORDER=0 WIDTH=1 HEIGHT=1 ALT=""Advertisement""",200,OK
24030,314590,http://ad.doubleclick.net/ad/N6543.468584.AMNETGROUPINC./B8562416.115649780;sz=1x1;ord=[RANDOM NUMBER]?,200,OK
24042,331537,"https://ad.doubleclick.net/ddm/trackimp/N152805.284566THETRADEDESK/B9219458.125950136;dc_trk_aid=298869223;dc_trk_cid=67263380;ord=[timestamp]?"" BORDER=""0"" HEIGHT=""1"" WIDTH=""1""",200,OK
24088,331538,"https://ad.doubleclick.net/ddm/trackimp/N152805.284566THETRADEDESK/B9219458.125950136;dc_trk_aid=298869223;dc_trk_cid=67263380;ord=[timestamp]?"" BORDER=""0"" HEIGHT=""1"" WIDTH=""1""",200,OK
24133,339751,"https://ad.atdmt.com/i/img;p=11297200825454;idfa=;idfa_lat=;aaid=;aaid_lat=;cache=%n"",""https://ad.doubleclick.net/ddm/trackimp/N162602.273606INFECTIOUSMEDIA/B8976304.131532086;dc_trk_aid=304196944;dc_trk_cid=70508982;ord=[timestamp];dc_lat=;dc_rdid=;tag_for_child_directed_treatment=?"" BORDER=""0"" HEIGHT=""1"" WIDTH=""1"" ALT=""Advertisement"">",200,OK
24221,335802,"http://nypi.dc-storm.com/dcv4/logi.aspx?tsid=1018087&sid=111814&acid=103799&crf=12292&agrf=122923385939&adrf=4561876&rnd=[cachebuster]"" height=""1"" width=""1"""",""http://amp.mediaforge.com/link/things4906/4e3016ba-e0ca-11e5-96e0-cb610b97fc4b",200,OK
24243,330681,"https://ad.doubleclick.net/ddm/ad/N4406.1806123HUDDLEDMASSES.COM/B8441348.125513648;sz=1x1;ord=[RANDOM_NUMBER];dc_lat=;dc_rdid=;tag_for_child_directed_treatment=?"" BORDER=0 WIDTH=1 HEIGHT=1 ALT=""Advertisement",200,OK
24326,336355,"https://ad.doubleclick.net/ddm/trackimp/N4268.456584.XAXIS.COM/B9372109.129697542;dc_trk_aid=302682783;dc_trk_cid=68293971;ord=[timestamp];dc_lat=;dc_rdid=;tag_for_child_directed_treatment=?"" BORDER=""0"" HEIGHT=""1"" WIDTH=""1""",200,OK
24371,334093,"https://ad.doubleclick.net/ddm/trackimp/N4268.456584.XAXIS.COM/B9372109.127404254;dc_trk_aid=300537790;dc_trk_cid=68293971;ord=[timestamp];dc_lat=;dc_rdid=;tag_for_child_directed_treatment=?"" BORDER=""0"" HEIGHT=""1"" WIDTH=""1""",200,OK
24575,315189,"http://ad.doubleclick.net/ddm/ad/N149404.284566THETRADEDESK/B8659700.117181544;sz=1x1;ord=[timestamp]?"" BORDER=0 WIDTH=1 HEIGHT=1 ALT=""Advertisement""></A>",200,OK
24794,336357,"https://ad.doubleclick.net/ddm/trackimp/N4268.456584.XAXIS.COM/B9372109.129697542;dc_trk_aid=302682783;dc_trk_cid=68293971;ord=[timestamp];dc_lat=;dc_rdid=;tag_for_child_directed_treatment=?"" BORDER=""0"" HEIGHT=""1"" WIDTH=""1""",200,OK
24834,339506,"https://ad.doubleclick.net/ddm/trackimp/N5708.668587AODDISPLAY/B9304633.130295293;dc_trk_aid=304120981;dc_trk_cid=70455986;ord=[timestamp];dc_lat=;dc_rdid=;tag_for_child_directed_treatment=?"" BORDER=""0"" HEIGHT=""1"" WIDTH=""1"" ALT=""Advertisement"">",200,OK
